0,50
1,50
2,50.4924
3,50.1978
4,49.0807
5,48.5462
6,48.7131
7,47.98
8,47.9359
9,47.3038
10,47.3038
11,47.3038
12,47.7587
13,48.2138
14,48.2138
15,48.2138
16,48.2138
17,47.4174
18,46.4234
19,45.9334
20,45.3816
21,44.7763
22,44.9497
23,43.9918
24,43.9918
25,44.4958
26,44.4958
27,44.4958
28,44.4958
29,44.4958
30,45.2066
31,45.6948
32,45.7385
33,45.7385
34,44.5978
35,44.6317
36,43.7253
37,44.3257
38,44.1369
39,43.0159
40,43.0159
41,42.2764
42,41.4191
43,40.5905
44,40.5905
45,40.5905
46,40.4435
47,40.073
48,39.5659
49,39.5659
50,38.3456
51,38.3456
52,38.3456
53,38.3456
54,37.8003
55,37.8003
56,37.8622
57,38.2471
58,38.1215
59,37.1125
60,37.2229
61,36.1367
62,34.9621
63,34.3572
64,33.5988
65,32.9239
66,32.1788
67,32.1788
68,31.9412
69,31.0937
70,32.0655
71,32.1191
72,31.6397
73,31.0734
74,31.0734
75,31.507
76,31.5328
77,31.5463
78,30.4827
79,30.456
80,30.3204
81,30.3204
82,29.6793
83,29.8473
84,29.8473
85,30.161
86,30.161
87,30.161
88,29.4767
89,29.0409
90,29.0409
91,29.0409
92,28.8902
93,29.3591
94,29.3591
95,28.567
96,28.567
97,28.0685
98,29.0715
99,29.7755
100,30.4279
101,30.4279
102,30.4279
103,29.9776
104,29.9014
105,29.7502
106,29.704
107,29.704
108,29.704
109,29.704
110,29.5982
111,28.9502
112,28.1582
113,28.1582
114,28.1582
115,28.1582
116,26.9021
117,26.7704
118,26.6368
119,26.3561
120,26.3561
121,25.6753
122,24.7523
123,25.0186
124,24.2143
125,24.6548
126,24.6548
127,24.6548
128,24.6548
129,24.7459
130,24.344
131,24.1333
132,23.3143
133,22.6311
134,22.6311
135,21.5696
136,21.5696
137,20.4895
138,20.2273
139,20.0245
140,19.9963
141,19.6673
142,19.6673
143,19.5014
144,18.7615
145,19.0283
146,19.0283
147,19.1142
148,18.654
149,18.8711
150,17.9081
151,18.1914
152,17.0811
153,17.0811
154,17.0811
155,15.9308
156,15.6659
157,15.6793
158,16.7659
159,16.3875
160,16.3767
161,16.8051
162,16.8023
163,16.8433
164,16.8433
165,16.118
166,15.7868
167,15.3319
168,15.1742
169,15.1742
170,15.1742
171,15.3136
172,15.3348
173,14.7776
174,14.8995
175,13.5746
176,13.5746
177,13.0244
178,13.5694
179,13.5694
180,14.013
181,14.0783
182,12.8722
183,12.5231
184,12.5544
185,12.5544
186,12.5544
187,12.5544
188,11.4496
189,11.4496
190,12.4197
191,12.4197
192,12.3926
193,12.3926
194,12.3926
195,12.2703
196,12.2703
197,12.2703
198,12.2703
199,11.8986
200,11.8986
201,11.4485
202,10.7407
203,11.4071
204,11.7354
205,12.4523
206,11.15
207,11.15
208,11.15
209,11.15
210,10.4827
211,10.4827
212,10.4827
213,10.4505
214,10.4505
215,10.4505
216,10.2916
217,10.2916
218,10.2916
219,9.76265
220,9.53846
221,9.53846
222,9.93713
223,9.96108
224,9.65616
225,9.01913
226,9.01913
227,7.92539
228,7.92539
229,6.91257
230,6.52549
231,6.52549
232,6.52549
233,5.8758
234,5.07361
235,5.40885
236,5.40885
237,5.268
238,6.3215
239,6.3215
240,5.54192
241,4.87089
242,4.87089
243,4.87089
244,4.87089
245,5.32393
246,5.32393
247,5.32393
248,5.32393
249,4.48305
250,4.26936
251,3.5441
252,4.63769
253,3.88414
254,3.93929
255,3.14245
256,2.99739
257,2.00747
258,2.22006
259,3.19646
260,3.19646
261,3.19646
262,2.89874
263,3.4549
264,3.4549
265,3.4549
266,3.10796
267,2.81687
268,2.81687
269,2.81687
270,2.60666
271,1.52417
272,1.52417
273,1.52417
274,1.52417
275,1.52417
276,1.01073
277,1.39421
278,1.39421
279,2.08085
280,2.08085
281,2.08085
282,2.08085
283,2.08085
284,1.6379
285,1.63495
286,1.4218
287,1.29644
288,1.29644
289,1.29644
290,1.29644
291,1.29644
292,1.29644
293,1.12726
294,1.36389
295,1.36389
296,1.36389
297,1.13252
298,1.21729
299,1.21729
300,1.92776
301,1.8378
302,1.23928
303,1.30755
304,1.30755
305,0.710955
306,0.710955
307,0.710955
308,0.710955
309,0.710955
310,1.06768
311,1.06768
312,1.06768
313,1.31974
314,1.31974
315,1.31974
316,0.392413
317,0.392413
318,0.392413
319,0.392413
320,0.392413
321,0.392413
322,0.392413
323,1.22367
324,1.22367
325,1.34115
326,1.05277
327,1.05277
328,0.684905
329,0.684905
330,0.684905
331,0.574612
332,0.574612
333,0.574612
334,1.25198
335,0.58095
336,0.58095
337,0.500989
338,1.02563
339,1.39452
340,1.0828
341,1.0828
342,2.04512
343,2.99713
344,2.35642
345,1.76465
346,1.76465
347,1.76465
348,1.48727
349,1.33944
350,1.33944
351,1.14017
352,0.695068
353,1.74377
354,0.731905
355,0.731905
356,0.731905
357,0.93059
358,0.93059
359,0.984221
360,1.86866
361,1.86866
362,1.86866
363,0.955349
364,1.43726
365,1.43726
366,1.25928
367,1.25928
368,1.1641
369,1.46938
370,1.46938
371,1.78555
372,1.78555
373,1.05865
374,1.05865
375,1.05865
376,1.05865
377,0.747407
378,1.59247
379,1.70993
380,2.35978
381,2.77032
382,2.77032
383,1.2698
384,1.6497
385,1.6497
386,1.6497
387,1.6497
388,1.58845
389,1.58845
390,1.85575
391,1.85575
392,1.18331
393,0.715842
394,1.08606
395,1.40378
396,1.40378
397,1.40378
398,1.04057
399,0.887055
400,0.814721
401,1.19894
402,1.43042
403,0.493808
404,1.34351
405,1.34351
406,1.33247
407,1.9135
408,0.799335
409,0.646389
410,0.646389
411,0.646389
412,0.646389
413,0.646389
414,0.721422
415,0.721422
416,0.721422
417,0.647534
418,0.647534
419,0.647534
420,0.647534
421,0.647534
422,0.647534
423,0.694531
424,0.694531
425,0.694531
426,0.694531
427,0.694531
428,0.694531
429,1.01732
430,0.942563
431,0.942563
432,0.650944
433,0.650944
434,0.727109
435,0.727109
436,0.727109
437,0.727109
438,0.727109
439,0.727109
440,1.0836
441,1.16702
442,1.16702
443,1.16702
444,1.16702
445,0.76507
446,0.76507
447,0.83478
448,0.83478
449,1.0533
450,0.684486
451,0.463366
452,0.463366
453,0.463366
454,0.409251
455,0.458048
456,0.458048
457,0.458048
458,0.458048
459,0.458048
460,0.458048
461,1.0054
462,1.0054
463,1.77347
464,1.77347
465,1.69697
466,1.98693
467,1.61258
468,1.61258
469,1.61258
470,1.60698
471,1.60698
472,1.60698
473,0.716251
474,0.980845
475,0.705113
476,0.705113
477,1.00762
478,1.091
479,1.61681
480,1.14912
481,1.14912
482,0.62872
483,0.872879
484,1.90836
485,1.64918
486,1.64918
487,1.83111
488,1.74451
489,0.934743
490,0.934743
491,1.57067
492,1.01509
493,1.01509
494,1.01509
495,1.01509
496,1.01276
497,1.66075
498,1.66075
499,1.66075
500,0.838029
501,0.838029
502,0.838029
503,1.5981
504,1.25697
505,1.48147
506,1.48147
507,1.48147
508,1.09122
509,1.09122
510,1.48804
511,1.33449
512,1.33449
513,0.669225
514,0.669225
515,0.669225
516,0.669225
517,0.615754
518,0.622196
519,0.622196
520,0.27658
521,0.27658
522,0.27658
523,0.27658
524,1.61908
525,2.55294
526,2.55294
527,2.55294
528,3.4551
529,2.62652
530,2.44355
531,1.77013
532,1.77013
533,2.08138
534,2.08138
535,1.34767
536,1.34767
537,2.31814
538,2.35025
539,2.44169
540,2.18845
541,2.18845
542,2.18845
543,2.18845
544,2.18845
545,2.18845
546,2.31617
547,1.24479
548,1.55471
549,1.55471
550,1.55471
551,1.63868
552,1.63868
553,1.63868
554,1.63868
555,1.08505
556,0.784634
557,0.784634
558,0.784634
559,0.598387
560,0.598387
561,0.821806
562,0.821806
563,0.821806
564,0.821806
565,0.821806
566,0.821806
567,1.06835
568,1.06835
569,1.06835
570,1.63253
571,1.44626
572,1.43965
573,1.97794
574,1.97794
575,1.97794
576,1.49742
577,1.49742
578,1.97064
579,1.55287
580,0.82834
581,0.584311
582,0.885903
583,0.885903
584,0.922578
585,0.922578
586,1.65175
587,1.65175
588,1.61548
589,1.61548
590,2.05703
591,2.72769
592,2.16031
593,1.74663
594,1.71259
595,1.71259
596,1.71259
597,1.83937
598,1.83937
599,0.680811
600,0.680811
601,0.680811
602,0.680811
603,0.680811
604,0.680811
605,0.680811
606,0.680811
607,0.680811
608,0.680811
609,0.8919
610,0.8919
611,1.71279
612,1.00829
613,1.02236
614,1.02236
615,1.38989
616,1.01826
617,2.22092
618,2.22092
619,2.63733
620,2.63733
621,3.52317
622,3.07933
623,2.4634
624,2.4634
625,2.15663
626,2.72934
627,2.72934
628,2.72934
629,2.85311
630,2.85311
631,2.33587
632,2.33587
633,1.48228
634,1.73364
635,1.70638
636,1.70638
637,1.21567
638,1.22394
639,1.54356
640,1.48861
641,1.39372
642,2.45703
643,2.73258
644,2.41341
645,1.36068
646,1.15708
647,1.99709
648,2.12921
649,2.42499
650,1.9681
651,1.9681
652,1.64179
653,1.64179
654,1.64179
655,1.61606
656,0.907997
657,0.660764
658,1.40226
659,0.53784
660,0.53784
661,0.677325
662,1.3202
663,1.3202
664,1.47904
665,0.992713
666,0.527731
667,0.527731
668,0.743151
669,0.743151
670,0.743151
671,0.646557
672,0.646557
673,0.646557
674,0.646557
675,0.646557
676,1.68046
677,1.34428
678,1.67313
679,1.67313
680,1.67313
681,2.26403
682,2.26403
683,2.26403
684,1.27645
685,1.41013
686,1.55994
687,0.652243
688,0.652243
689,0.801772
690,0.801772
691,0.801772
692,0.801772
693,0.875326
694,0.875326
695,1.29496
696,1.29496
697,1.49609
698,1.36529
699,1.84143
700,1.62237
701,1.62237
702,1.62237
703,2.06743
704,1.46816
705,1.24365
706,1.02364
707,1.02364
708,1.02364
709,1.44088
710,1.44088
711,1.6971
712,1.6971
713,1.6971
714,1.6971
715,1.6971
716,1.6971
717,1.6971
718,1.6971
719,1.6971
720,1.6971
721,0.922265
722,0.922265
723,0.770108
724,0.791249
725,0.939944
726,0.914051
727,1.00022
728,1.00022
729,1.05809
730,1.05809
731,1.21508
732,1.21508
733,1.21508
734,1.80647
735,1.55837
736,0.976768
737,0.976768
738,0.976768
739,0.997735
740,0.997735
741,0.7368
742,0.7368
743,0.7368
744,0.574382
745,0.574382
746,0.879245
747,1.3742
748,1.3742
749,1.79843
750,1.90722
751,1.90722
752,1.90722
753,1.90722
754,1.90722
755,1.803
756,1.81853
757,1.81853
758,0.753867
759,0.650016
760,0.413219
761,0.413219
762,0.413219
763,0.413219
764,0.157489
765,0.157489
766,1.3545
767,1.3545
768,0.818918
769,0.968922
770,0.968922
771,0.865712
772,0.865712
773,1.09561
774,1.09561
775,1.09561
776,1.87887
777,1.87887
778,1.72418
779,1.72418
780,2.06745
781,2.37443
782,1.12241
783,1.12241
784,1.12241
785,1.12241
786,0.957399
787,0.957399
788,1.47783
789,1.7723
790,1.7723
791,0.963064
792,0.554199
793,1.1565
794,1.1565
795,1.1565
796,1.1565
797,1.1565
798,0.790596
799,0.790596
800,0.871828
801,1.26436
802,0.973647
803,0.973647
804,0.857727
805,0.857727
806,0.857727
807,1.12377
808,1.22785
809,1.30298
810,1.30298
811,1.2141
812,1.2141
813,1.82102
814,2.0321
815,2.85665
816,2.99834
817,3.5255
818,3.5255
819,3.87505
820,2.47901
821,2.47901
822,2.47901
823,2.94757
824,3.58807
825,3.92702
826,3.60081
827,3.67245
828,3.83219
829,4.30723
830,4.58194
831,4.58194
832,3.94404
833,3.88754
834,3.86748
835,3.4057
836,3.91833
837,4.5118
838,5.22245
839,3.97573
840,3.75124
841,3.41596
842,3.63788
843,3.63788
844,3.48136
845,3.44127
846,3.44127
847,3.56073
848,4.27962
849,4.27962
850,4.27962
851,4.27962
852,3.18818
853,3.18818
854,2.75306
855,2.9495
856,2.9495
857,2.9495
858,2.9495
859,2.9495
860,2.9495
861,2.69581
862,2.69581
863,2.69581
864,2.56138
865,3.21307
866,3.56294
867,3.47897
868,2.45786
869,2.45786
870,0.9107
871,1.16605
872,1.16605
873,1.16605
874,1.16605
875,1.16605
876,1.16605
877,1.16605
878,1.16605
879,1.00478
880,1.00478
881,1.00478
882,1.00478
883,1.00478
884,1.00478
885,1.00478
886,0.944309
887,0.944309
888,0.690699
889,0.690699
890,0.690699
891,1.24124
892,1.24124
893,1.24124
894,1.24124
895,1.24124
896,1.86286
897,1.56893
898,1.56893
899,1.78246
900,1.69275
901,1.69275
902,1.69275
903,2.37498
904,2.19791
905,1.85122
906,0.83641
907,0.83641
908,0.83641
909,1.35765
910,1.35765
911,1.82872
912,1.73308
913,1.59345
914,1.99811
915,1.99811
916,1.99811
917,1.20337
918,0.356465
919,0.356465
920,1.40491
921,1.97683
922,1.67176
923,1.67176
924,1.35975
925,1.57461
926,1.57461
927,1.57461
928,0.757835
929,0.757835
930,0.757835
931,0.757835
932,0.757835
933,0.792791
934,0.792791
935,0.792791
936,0.792791
937,0.792791
938,0.544631
939,0.609039
940,0.609039
941,0.609039
942,0.609039
943,0.609039
944,0.609039
945,0.609039
946,0.68703
947,0.68703
948,0.302354
949,0.302354
950,0.302354
951,0.302354
952,0.302354
953,0.302354
954,0.302354
955,0.302354
956,0.302354
957,0.302354
958,1.03001
959,1.03001
960,1.03001
961,1.03001
962,1.03001
963,1.03001
964,0.627411
965,0.627411
966,0.627411
967,1.21307
968,1.36673
969,1.43592
970,1.43592
971,1.43592
972,1.43592
973,1.33957
974,1.33957
975,1.33957
976,0.923958
977,0.923958
978,0.925336
979,0.925336
980,0.925336
981,0.925336
982,0.804387
983,0.804387
984,0.804387
985,0.804387
986,1.16781
987,1.16781
988,1.02249
989,1.02249
990,0.994055
991,0.994055
992,0.994055
993,0.994055
994,1.14676
995,1.38778
996,1.11421
997,1.38773
998,1.38773
999,1.38773
1000,1.42866
1001,1.40926
1002,0.540539
1003,0.540539
1004,0.798802
1005,0.798802
1006,0.798802
1007,0.798802
1008,1.22209
1009,0.277593
1010,0.277593
1011,0.277593
1012,0.277593
1013,0.277593
1014,0.277593
1015,0.277593
1016,0.479683
1017,0.479683
1018,0.479683
1019,0.479683
1020,0.479683
1021,0.479683
1022,0.479683
1023,0.479683
1024,0.479683
1025,0.802179
1026,0.802179
1027,1.1601
1028,1.8924
1029,1.8924
1030,1.72465
1031,1.72465
1032,1.72465
1033,1.72465
1034,1.72465
1035,1.3378
1036,1.68937
1037,1.69293
1038,1.69293
1039,1.37781
1040,1.17977
1041,1.31979
1042,1.31979
1043,1.31979
1044,1.29659
1045,1.14238
1046,1.67025
1047,1.39754
1048,1.39754
1049,1.39754
1050,1.3028
1051,1.3028
1052,1.3028
1053,0.933656
1054,1.62987
1055,2.50458
1056,2.50458
1057,2.3529
1058,1.79554
1059,1.79554
1060,1.84101
1061,1.84101
1062,2.11577
1063,1.83063
1064,1.44616
1065,1.44616
1066,1.44616
1067,0.509092
1068,1.27513
1069,0.0379029
1070,0.0379029
1071,0.0379029
1072,0.0379029
1073,0.0379029
1074,0.0379029
1075,0.0379029
1076,0.0379029
1077,0.0379029
1078,0.0379029
1079,0.0379029
1080,0.0379029
1081,0.0379029
1082,0.0379029
1083,0.0379029
1084,0.0379029
1085,0.0379029
1086,0.0379029
1087,0.0379029
1088,0.0379029
1089,0.0379029
1090,0.0379029
1091,0.0379029
1092,0.0379029
1093,0.0379029
1094,0.0379029
1095,0.0379029
1096,0.0379029
1097,0.0379029
1098,0.0379029
1099,0.0379029
1100,0.0379029
1101,0.0379029
1102,0.0379029
1103,1.01123
1104,1.01123
1105,1.01123
1106,1.01123
1107,1.01123
1108,1.01123
1109,0.989493
1110,1.07318
1111,1.07318
1112,1.07318
1113,1.07318
1114,1.07318
1115,0.484644
1116,0.653559
1117,0.653559
1118,0.925267
1119,0.925267
1120,0.925267
1121,0.925267
1122,1.00585
1123,1.00585
1124,1.00585
1125,0.523433
1126,0.523433
1127,0.523433
1128,0.523433
1129,1.24942
1130,0.751547
1131,0.751547
1132,1.42564
1133,1.42564
1134,1.42564
1135,0.953007
1136,0.953007
1137,0.222358
1138,0.222358
1139,0.222358
1140,0.222358
1141,0.222358
1142,0.222358
1143,0.222358
1144,0.222358
1145,0.222358
1146,0.222358
1147,0.222358
1148,0.222358
1149,0.222358
1150,0.222358
1151,0.222358
1152,0.222358
1153,0.222358
1154,0.222358
1155,0.222358
1156,0.222358
1157,0.222358
1158,0.222358
1159,0.222358
1160,0.452525
1161,0.948413
1162,0.948413
1163,0.948413
1164,0.948413
1165,0.948413
1166,1.83076
1167,1.83076
1168,2.37845
1169,2.92309
1170,3.19651
1171,3.19651
1172,3.37024
1173,3.37024
1174,3.37024
1175,2.64892
1176,3.12264
1177,4.02929
1178,3.97072
1179,3.31951
1180,4.32987
1181,3.03622
1182,3.61741
1183,2.99851
1184,2.98604
1185,3.64687
1186,2.81879
1187,2.67661
1188,3.05275
1189,3.05275
1190,2.87271
1191,2.87271
1192,2.90411
1193,2.52111
1194,2.17545
1195,3.05693
1196,3.78041
1197,3.43552
1198,2.57759
1199,2.57759
1200,2.33437
1201,1.12489
1202,2.32673
1203,1.51725
1204,1.51725
1205,1.26153
1206,1.04963
1207,0.998889
1208,1.01504
1209,1.01504
1210,1.01504
1211,1.01504
1212,1.01504
1213,0.950056
1214,0.950056
1215,1.30443
1216,1.7106
1217,2.01377
1218,2.19309
1219,1.81563
1220,1.81563
1221,1.81563
1222,1.81563
1223,2.30163
1224,2.30163
1225,2.66561
1226,2.66561
1227,2.62398
1228,2.74324
1229,2.32126
1230,2.32126
1231,2.32126
1232,2.56184
1233,2.39047
1234,2.27419
1235,2.27419
1236,2.35209
1237,1.74252
1238,1.0241
1239,1.0241
1240,0.901939
1241,0.901939
1242,0.901939
1243,0.901939
1244,0.901939
1245,1.13551
1246,1.46147
1247,2.67281
1248,2.90847
1249,2.90847
1250,2.90847
1251,2.78192
1252,2.78104
1253,2.78104
1254,1.52243
1255,1.52243
1256,1.52243
1257,1.52243
1258,1.52243
1259,1.76596
1260,0.916403
1261,0.916403
1262,1.49616
1263,0.951066
1264,1.40435
1265,1.50077
1266,2.26594
1267,2.26594
1268,2.26594
1269,2.26594
1270,2.26594
1271,2.66029
1272,2.66029
1273,2.93927
1274,2.16756
1275,1.40635
1276,1.40635
1277,1.40635
1278,1.46115
1279,2.36347
1280,2.36347
1281,1.9452
1282,1.9452
1283,1.48325
1284,1.48325
1285,0.516877
1286,0.516877
1287,0.516877
1288,0.516877
1289,0.516877
1290,1.66072
1291,1.66072
1292,1.80666
1293,1.37449
1294,1.37449
1295,1.37449
1296,1.09952
1297,1.09952
1298,1.09952
1299,0.856383
1300,0.856383
1301,0.856383
1302,0.856383
1303,0.856383
1304,0.945636
1305,1.95113
1306,1.96388
1307,1.93678
1308,1.45618
1309,2.00139
1310,2.27434
1311,1.7039
1312,1.97653
1313,1.20861
1314,1.20861
1315,0.870228
1316,0.612135
1317,0.612135
1318,0.612135
1319,0.612135
1320,0.926281
1321,1.17646
1322,0.548804
1323,0.548804
1324,1.15744
1325,1.15744
1326,1.34473
1327,1.68743
1328,1.15173
1329,1.15173
1330,1.15173
1331,1.15173
1332,0.784899
1333,0.978515
1334,0.978515
1335,0.978515
1336,0.978515
1337,0.860884
1338,0.860884
1339,0.360007
1340,0.360007
1341,0.638178
1342,1.0346
1343,1.22974
1344,1.22974
1345,2.2458
1346,1.62164
1347,0.938811
1348,0.614463
1349,1.83095
1350,1.83095
1351,1.83095
1352,1.22852
1353,1.22852
1354,1.57727
1355,1.78225
1356,1.40253
1357,1.39116
1358,1.39116
1359,1.72611
1360,1.72611
1361,1.03969
1362,1.59845
1363,1.78873
1364,1.78873
1365,1.78873
1366,2.02091
1367,2.84853
1368,3.15132
1369,3.5556
1370,2.60927
1371,2.26233
1372,2.26233
1373,2.26233
1374,2.26233
1375,1.25558
1376,0.272985
1377,0.272985
1378,0.859541
1379,0.859541
1380,0.859541
1381,0.665835
1382,0.665835
1383,0.665835
1384,0.665835
1385,0.885733
1386,1.60911
1387,2.55116
1388,2.55116
1389,2.12421
1390,1.92505
1391,1.49063
1392,1.57441
1393,2.24212
1394,2.24212
1395,2.53794
1396,1.35765
1397,1.35765
1398,1.35765
1399,1.35765
1400,1.45811
1401,1.45811
1402,0.847237
1403,0.847237
1404,2.26667
1405,3.19227
1406,3.00011
1407,3.00011
1408,3.00011
1409,3.75884
1410,4.17836
1411,4.17836
1412,4.17836
1413,4.17836
1414,5.07114
1415,5.05717
1416,5.05717
1417,5.05717
1418,4.72351
1419,4.26508
1420,4.26508
1421,4.59584
1422,4.19343
1423,3.13846
1424,3.13846
1425,2.61672
1426,2.61672
1427,2.61672
1428,3.41593
1429,4.17647
1430,3.34187
1431,3.21113
1432,3.21113
1433,3.52881
1434,3.23259
1435,3.38221
1436,3.38221
1437,3.38221
1438,4.60357
1439,4.45706
1440,4.45706
1441,3.19238
1442,3.83007
1443,3.12679
1444,3.16214
1445,3.57222
1446,3.25968
1447,2.40606
1448,1.21053
1449,1.59803
1450,2.18408
1451,2.02359
1452,2.02359
1453,2.78765
1454,2.78765
1455,3.06352
1456,3.90378
1457,4.13988
1458,4.13988
1459,3.5073
1460,3.56624
1461,2.83633
1462,3.19653
1463,3.00001
1464,3.00001
1465,2.26786
1466,2.26786
1467,2.26786
1468,3.02218
1469,3.02218
1470,2.4144
1471,2.4144
1472,2.4144
1473,2.4144
1474,1.93671
1475,1.93671
1476,1.93671
1477,1.53104
1478,1.53104
1479,1.90784
1480,1.6886
1481,1.6886
1482,1.6886
1483,1.57412
1484,1.42068
1485,0.854999
1486,0.854999
1487,0.854999
1488,0.854999
1489,0.854999
1490,0.854999
1491,1.98712
1492,1.51369
1493,1.51369
1494,1.51369
1495,1.22102
1496,1.15308
1497,1.24904
1498,1.66244
1499,2.04429
1500,2.68893
1501,2.68893
1502,2.68893
1503,2.87163
1504,3.57871
1505,3.06549
1506,3.06549
1507,2.39426
1508,1.59741
1509,0.930229
1510,1.32581
1511,1.15601
1512,1.15601
1513,0.605148
1514,0.605148
1515,0.605148
1516,1.24804
1517,1.24804
1518,1.27375
1519,1.27375
1520,1.27375
1521,2.17484
1522,2.17484
1523,3.02516
1524,3.1979
1525,2.7987
1526,2.7987
1527,2.8624
1528,2.79168
1529,2.79168
1530,2.26501
1531,2.26501
1532,2.93539
1533,2.60172
1534,2.67116
1535,2.67116
1536,2.64236
1537,2.4254
1538,2.77753
1539,2.77753
1540,2.46674
1541,2.46674
1542,2.56919
1543,2.59463
1544,2.29164
1545,1.60713
1546,1.60713
1547,1.60713
1548,1.60713
1549,0.899848
1550,0.455552
1551,0.690834
1552,0.690834
1553,0.690834
1554,0.690834
1555,0.696267
1556,1.21544
1557,1.21544
1558,1.50013
1559,1.3012
1560,1.67673
1561,1.67673
1562,1.67673
1563,1.8764
1564,1.12856
1565,1.12856
1566,0.552669
1567,0.552669
1568,0.552669
1569,0.552669
1570,0.861378
1571,1.17091
1572,1.17091
1573,0.382705
1574,0.382705
1575,0.382705
1576,0.382705
1577,0.382705
1578,0.382705
1579,0.492862
1580,0.492862
1581,0.936977
1582,0.936977
1583,0.936977
1584,0.936977
1585,0.936977
1586,0.936977
1587,0.936977
1588,0.936977
1589,1.88972
1590,1.62402
1591,0.902968
1592,1.29355
1593,1.29355
1594,1.51088
1595,1.51088
1596,0.646874
1597,0.646874
1598,0.646874
1599,0.646874
1600,0.646874
1601,0.646874
1602,0.925281
1603,0.925281
1604,0.925281
1605,1.66625
1606,1.66945
1607,1.66945
1608,2.22406
1609,2.22406
1610,2.66058
1611,3.2359
1612,3.2359
1613,3.2359
1614,2.62794
1615,2.2978
1616,2.2978
1617,2.2978
1618,2.53839
1619,2.07936
1620,1.00788
1621,0.925857
1622,1.16372
1623,1.98766
1624,2.57008
1625,3.44903
1626,3.22794
1627,2.96906
1628,3.60333
1629,2.44
1630,3.05193
1631,3.05193
1632,3.14457
1633,3.14457
1634,3.37291
1635,3.31201
1636,3.31201
1637,2.00403
1638,1.62058
1639,2.62406
1640,2.62406
1641,2.62406
1642,2.20158
1643,2.65588
1644,2.65588
1645,3.03459
1646,2.09323
1647,2.09323
1648,2.09323
1649,3.03949
1650,2.21821
1651,2.3899
1652,2.07684
1653,2.07684
1654,2.07684
1655,1.40178
1656,0.492878
1657,0.412871
1658,0.412871
1659,0.412871
1660,0.412871
1661,0.412871
1662,0.412871
1663,0.412871
1664,0.412871
1665,0.412871
1666,0.690438
1667,0.690438
1668,0.419631
1669,1.40904
1670,0.771629
1671,0.771629
1672,0.561667
1673,1.00502
1674,0.793841
1675,0.998339
1676,1.82358
1677,0.886642
1678,0.886642
1679,0.886642
1680,0.886642
1681,0.886642
1682,0.886642
1683,0.583496
1684,0.583496
1685,0.583496
1686,0.932054
1687,1.27634
1688,1.27634
1689,1.27634
1690,1.27634
1691,1.27634
1692,1.24002
1693,1.02158
1694,1.10129
1695,1.10129
1696,1.00269
1697,1.00269
1698,1.04018
1699,1.12251
1700,1.12251
1701,0.643804
1702,0.896345
1703,0.89642
1704,1.29339
1705,0.463483
1706,0.463483
1707,0.463483
1708,0.463483
1709,0.522845
1710,0.522845
1711,0.522845
1712,0.982245
1713,1.13559
1714,0.312736
1715,0.885918
1716,0.885918
1717,0.885918
1718,0.885918
1719,0.885918
1720,0.564528
1721,0.564528
1722,1.51001
1723,2.21607
1724,1.41371
1725,1.41371
1726,0.591323
1727,0.591323
1728,0.591323
1729,0.591323
1730,0.591323
1731,1.10874
1732,1.10874
1733,1.36555
1734,1.49813
1735,1.89062
1736,1.79259
1737,1.20712
1738,1.20712
1739,1.20712
1740,1.20712
1741,1.20712
1742,1.69476
1743,1.69476
1744,1.79133
1745,1.45088
1746,2.02365
1747,1.86056
1748,2.18829
1749,2.18829
1750,1.21415
1751,1.21415
1752,0.92446
1753,0.92446
1754,0.92446
1755,0.92446
1756,0.92446
1757,1.33373
1758,2.45647
1759,1.28419
1760,1.28419
1761,0.98224
1762,1.87641
1763,1.87641
1764,1.78667
1765,1.76626
1766,1.31274
1767,1.38686
1768,1.56831
1769,1.56831
1770,1.56831
1771,1.08432
1772,1.44525
1773,1.44525
1774,1.46416
1775,1.46416
1776,1.62499
1777,1.62499
1778,1.62499
1779,1.23015
1780,1.12456
1781,1.12456
1782,1.12456
1783,1.12456
1784,1.12456
1785,1.69456
1786,1.69456
1787,1.69456
1788,1.60575
1789,1.60575
1790,1.71416
1791,1.97253
1792,1.97253
1793,1.97253
1794,1.547
1795,1.547
1796,0.581406
1797,0.581406
1798,0.576986
1799,1.05791
1800,1.42334
1801,1.42334
1802,1.42334
1803,1.64394
1804,1.61778
1805,1.19414
1806,1.35872
1807,1.35872
1808,1.15933
1809,1.31094
1810,1.15529
1811,2.11745
1812,1.79865
1813,1.79865
1814,1.54898
1815,1.54898
1816,1.54898
1817,1.54898
1818,1.73854
1819,2.12291
1820,2.12291
1821,1.73262
1822,1.93427
1823,1.3294
1824,1.43024
1825,1.69666
1826,1.69666
1827,1.69666
1828,1.10804
1829,1.10804
1830,1.33021
1831,1.81771
1832,1.03363
1833,1.03363
1834,0.738357
1835,1.68163
1836,1.68163
1837,1.72732
1838,1.55595
1839,1.55595
1840,1.27
1841,1.27
1842,1.70032
1843,1.70032
1844,1.70032
1845,1.63315
1846,1.63315
1847,1.61837
1848,1.44201
1849,1.44201
1850,1.44201
1851,0.966369
1852,0.966369
1853,0.966369
1854,0.966369
1855,1.70287
1856,1.651
1857,1.651
1858,0.949172
1859,0.949172
1860,0.583534
1861,0.583534
1862,0.583534
1863,0.583534
1864,0.583534
1865,0.583534
1866,0.583534
1867,0.583534
1868,1.2883
1869,1.55685
1870,1.55685
1871,1.60138
1872,2.01251
1873,2.01251
1874,1.10685
1875,0.834615
1876,0.834615
1877,0.834615
1878,0.834615
1879,1.18848
1880,1.72534
1881,1.72534
1882,0.694028
1883,0.694028
1884,0.28545
1885,0.28545
1886,0.541688
1887,0.700267
1888,0.700267
1889,0.700267
1890,0.700267
1891,0.808145
1892,0.808145
1893,1.07058
1894,1.07058
1895,1.07058
1896,1.07058
1897,1.07058
1898,1.07058
1899,1.12533
1900,0.960514
1901,0.960514
1902,0.901622
1903,1.12981
1904,0.623642
1905,0.623642
1906,0.623642
1907,0.623642
1908,0.623642
1909,1.05756
1910,2.20094
1911,2.84217
1912,2.84217
1913,2.84217
1914,3.49479
1915,3.49479
1916,3.26737
1917,3.26737
1918,2.92142
1919,2.92142
1920,1.97883
1921,1.97883
1922,1.63841
1923,1.63841
1924,1.63841
1925,1.63841
1926,0.448266
1927,0.930306
1928,0.930306
1929,0.930306
1930,0.930306
1931,0.930306
1932,0.251093
1933,0.251093
1934,1.22107
1935,1.32428
1936,1.32428
1937,1.1155
1938,1.1155
1939,1.1155
1940,1.1155
1941,1.1155
1942,1.1155
1943,1.1155
1944,1.60938
1945,1.92492
1946,1.92492
1947,1.92948
1948,1.92948
1949,1.763
1950,1.38778
1951,1.1381
1952,1.10649
1953,1.66647
1954,1.66647
1955,0.846957
1956,0.846957
1957,0.846957
1958,0.956738
1959,1.19832
1960,1.8149
1961,1.8149
1962,1.94902
1963,1.52497
1964,1.58222
1965,0.940026
1966,1.21183
1967,1.16901
1968,1.16901
1969,1.59384
1970,1.59384
1971,1.59384
1972,1.59384
1973,1.59384
1974,1.59384
1975,1.55629
1976,1.39118
1977,1.39118
1978,1.34302
1979,1.34302
1980,1.34302
1981,2.01548
1982,2.4678
1983,2.4678
1984,3.17099
1985,2.45531
1986,2.17064
1987,2.16602
1988,2.16602
1989,2.40244
1990,2.49429
1991,3.02208
1992,2.56079
1993,2.56079
1994,2.28257
1995,2.33286
1996,2.5661
1997,2.5661
1998,2.39468
1999,2.5278
2000,1.68786
2001,1.33064
2002,1.38675
2003,1.38675
2004,1.60388
2005,1.0223
2006,1.29063
2007,1.95035
2008,3.04184
2009,2.44919
2010,2.48927
2011,2.48927
2012,2.30886
2013,2.30886
2014,1.49206
2015,1.49206
2016,1.49206
2017,1.49206
2018,1.49206
2019,1.49206
2020,1.15386
2021,1.15386
2022,1.15386
2023,1.15386
2024,1.15386
2025,1.29191
2026,2.00887
2027,2.6715
2028,1.84828
2029,1.84828
2030,1.84828
2031,1.84828
2032,1.84828
2033,0.774702
2034,0.774702
2035,0.774702
2036,0.774702
2037,1.13765
2038,1.13765
2039,2.00813
2040,1.83384
2041,1.65653
2042,1.83136
2043,1.83136
2044,2.0506
2045,2.0506
2046,1.63614
2047,1.63614
2048,1.30858
2049,1.30858
2050,1.58209
2051,1.58209
2052,1.58209
2053,1.58209
2054,1.65461
2055,1.41023
2056,1.68653
2057,1.46203
2058,1.01704
2059,1.01704
2060,1.01704
2061,1.01704
2062,0.415211
2063,1.77526
2064,1.14003
2065,0.566901
2066,1.03041
2067,1.28276
2068,2.08759
2069,1.23815
2070,1.23815
2071,1.28333
2072,0.855857
2073,0.895719
2074,0.895719
2075,1.01054
2076,1.01054
2077,1.53268
2078,1.53268
2079,1.53268
2080,1.53268
2081,1.92796
2082,0.81038
2083,1.23994
2084,1.39759
2085,0.976078
2086,0.976078
2087,0.94542
2088,0.94542
2089,0.94542
2090,0.94542
2091,0.94542
2092,0.94542
2093,1.21205
2094,1.21205
2095,1.21205
2096,1.21205
2097,0.596533
2098,0.556267
2099,0.453764
2100,0.453764
2101,0.453764
2102,0.453764
2103,0.937785
2104,0.887816
2105,0.887816
2106,0.887816
2107,0.887816
2108,1.19847
2109,1.19847
2110,1.07216
2111,1.07216
2112,1.80452
2113,1.53113
2114,1.53113
2115,2.8755
2116,2.8755
2117,2.8755
2118,2.8755
2119,2.8755
2120,2.8755
2121,2.8755
2122,2.68931
2123,2.68931
2124,1.80473
2125,1.80473
2126,1.80473
2127,1.30678
2128,1.30678
2129,1.30678
2130,1.30678
2131,1.30678
2132,1.23624
2133,1.23624
2134,1.23624
2135,1.23624
2136,1.39227
2137,1.39227
2138,1.84203
2139,1.84203
2140,1.66979
2141,0.293576
2142,0.293576
2143,0.293576
2144,0.293576
2145,0.293576
2146,0.293576
2147,1.37365
2148,1.36067
2149,1.68913
2150,1.13698
2151,0.645078
2152,1.92449
2153,1.92449
2154,1.92449
2155,1.92449
2156,1.69923
2157,1.52619
2158,1.55825
2159,1.55825
2160,2.18186
2161,1.87123
2162,1.36207
2163,1.36207
2164,1.91299
2165,1.91299
2166,2.27155
2167,2.27155
2168,2.27155
2169,2.15834
2170,2.15834
2171,2.15834
2172,2.36895
2173,2.42306
2174,1.97631
2175,2.58698
2176,2.58698
2177,2.58698
2178,2.58698
2179,2.58698
2180,2.58698
2181,2.46919
2182,2.46919
2183,1.92231
2184,1.92231
2185,1.80136
2186,1.62938
2187,1.96545
2188,1.88011
2189,1.88011
2190,1.88011
2191,1.3339
2192,1.3339
2193,1.42632
2194,2.65576
2195,1.98319
2196,2.2093
2197,2.23615
2198,2.2629
2199,2.2629
2200,1.75618
2201,1.72133
2202,1.60786
2203,1.129
2204,1.129
2205,1.129
2206,1.129
2207,0.576466
2208,0.576466
2209,0.576466
2210,0.618407
2211,0.609585
2212,0.609585
2213,0.609585
2214,1.45406
2215,1.45406
2216,1.45406
2217,1.59287
2218,1.60293
2219,0.739955
2220,0.739955
2221,0.739955
2222,0.792007
2223,0.792007
2224,1.86948
2225,1.25168
2226,1.25168
2227,0.90214
2228,0.90214
2229,0.90214
2230,0.90214
2231,0.90214
2232,0.90214
2233,1.08168
2234,1.84636
2235,1.84636
2236,1.45353
2237,1.86258
2238,1.86258
2239,1.49654
2240,2.01047
2241,1.94322
2242,1.81334
2243,1.87038
2244,2.21956
2245,2.13157
2246,2.13157
2247,1.82945
2248,1.32377
2249,1.14097
2250,1.32904
2251,1.32904
2252,1.32904
2253,1.32904
2254,1.46138
2255,1.61323
2256,1.39214
2257,1.39214
2258,1.38716
2259,1.38716
2260,1.41412
2261,1.77815
2262,1.77815
2263,2.24348
2264,1.80971
2265,1.49754
2266,1.50069
2267,1.16679
2268,0.534118
2269,0.534118
2270,0.94889
2271,1.42823
2272,1.42823
2273,1.42823
2274,1.81646
2275,1.81646
2276,2.41078
2277,2.30696
2278,2.30696
2279,2.30696
2280,2.30696
2281,3.30224
2282,3.31658
2283,3.36969
2284,3.36969
2285,3.09506
2286,3.09506
2287,3.52438
2288,2.67745
2289,1.85487
2290,1.85487
2291,1.85487
2292,1.07309
2293,1.14381
2294,1.25561
2295,1.25561
2296,1.83229
2297,1.53087
2298,1.3015
2299,1.3015
2300,1.63052
2301,1.63052
2302,1.03233
2303,1.03233
2304,1.03233
2305,1.27366
2306,0.929159
2307,1.59551
2308,1.59551
2309,1.59551
2310,1.59551
2311,1.35368
2312,1.35368
2313,1.35368
2314,2.32276
2315,1.99665
2316,1.99665
2317,1.58049
2318,1.97735
2319,1.53079
2320,1.53079
2321,1.62935
2322,1.09432
2323,1.25211
2324,1.25211
2325,1.25211
2326,1.25211
2327,1.09033
2328,1.09033
2329,0.355993
2330,0.355993
2331,0.355993
2332,0.355993
2333,0.355993
2334,0.355993
2335,0.355993
2336,0.355993
2337,0.355993
2338,0.599649
2339,0.599649
2340,0.518862
2341,0.518862
2342,0.518862
2343,0.518862
2344,0.518862
2345,0.518862
2346,0.533259
2347,0.533259
2348,1.28047
2349,1.74779
2350,1.74779
2351,1.68861
2352,1.68861
2353,1.92322
2354,1.92322
2355,2.3155
2356,2.3155
2357,1.54176
2358,1.76034
2359,2.10716
2360,1.7772
2361,1.39269
2362,1.39269
2363,1.39269
2364,0.718311
2365,0.735474
2366,0.735474
2367,0.918434
2368,0.918434
2369,0.918434
2370,1.14472
2371,1.32126
2372,1.0609
2373,1.0609
2374,1.0609
2375,1.0609
2376,1.35202
2377,1.35202
2378,1.35202
2379,1.35202
2380,1.06584
2381,1.44166
2382,1.27443
2383,1.67296
2384,1.67296
2385,1.67296
2386,1.67296
2387,1.61468
2388,1.61468
2389,1.8158
2390,2.10308
2391,0.966295
2392,0.293037
2393,0.293037
2394,0.293037
2395,0.293037
2396,0.293037
2397,0.960421
2398,0.960421
2399,0.960421
2400,0.960421
2401,0.960421
2402,0.960421
2403,1.24773
2404,1.26399
2405,1.66252
2406,1.66252
2407,1.43407
2408,1.6437
2409,0.655395
2410,0.655395
2411,0.655395
2412,0.629255
2413,1.37554
2414,1.2862
2415,1.2862
2416,2.13286
2417,2.21452
2418,2.44397
2419,2.3453
2420,2.3453
2421,2.4378
2422,2.4378
2423,1.41918
2424,1.69569
2425,1.69569
2426,2.25303
2427,2.25303
2428,2.70964
2429,2.70964
2430,2.74705
2431,2.78208
2432,2.67298
2433,2.71798
2434,2.71798
2435,2.71798
2436,2.30143
2437,2.54212
2438,2.54212
2439,2.98192
2440,2.32713
2441,2.32713
2442,2.32713
2443,3.50467
2444,3.38973
2445,2.11578
2446,2.50311
2447,2.50311
2448,2.50311
2449,3.20401
2450,4.40229
2451,4.40229
2452,4.1288
2453,3.94021
2454,3.45158
2455,3.262
2456,3.36613
2457,3.68008
2458,3.79471
2459,4.16002
2460,3.90342
2461,3.90342
2462,3.90259
2463,3.83655
2464,3.42385
2465,3.42385
2466,3.69864
2467,2.876
2468,3.09141
2469,3.09141
2470,2.88548
2471,2.5952
2472,2.25094
2473,2.25094
2474,2.25094
2475,0.618917
2476,0.618917
2477,0.618917
2478,0.618917
2479,1.31614
2480,1.7916
2481,1.7916
2482,0.851074
2483,0.851074
2484,0.851074
2485,1.89877
2486,1.89877
2487,1.89877
2488,1.19524
2489,2.29917
2490,1.0711
2491,1.0711
2492,1.0711
2493,1.0711
2494,1.99009
2495,1.95517
2496,2.24894
2497,2.74081
2498,2.74081
2499,2.74081
2500,2.74081
2501,2.84677
2502,2.19686
2503,2.19686
2504,1.86921
2505,1.86921
2506,1.86921
2507,1.86921
2508,1.33849
2509,1.33849
2510,1.33849
2511,0.82154
2512,1.38947
2513,1.15167
2514,1.20884
2515,1.12768
2516,1.12768
2517,1.12768
2518,1.12768
2519,1.12768
2520,1.12768
2521,1.82589
2522,1.65825
2523,1.57057
2524,1.40496
2525,1.40496
2526,1.40496
2527,1.05319
2528,1.49858
2529,2.11152
2530,1.36309
2531,1.90934
2532,1.82113
2533,1.44397
2534,1.44397
2535,1.44397
2536,1.4396
2537,1.3151
2538,1.16869
2539,1.16869
2540,1.193
2541,1.15927
2542,1.3732
2543,1.3732
2544,1.3732
2545,1.49735
2546,2.13987
2547,1.82986
2548,2.55717
2549,2.71235
2550,2.71235
2551,2.63412
2552,2.16157
2553,1.5932
2554,1.43757
2555,2.05962
2556,2.05962
2557,1.82149
2558,1.82149
2559,2.28264
2560,2.64441
2561,2.83129
2562,2.8091
2563,2.68664
2564,2.80541
2565,2.30291
2566,2.75371
2567,3.10699
2568,2.92298
2569,2.526
2570,2.526
2571,2.526
2572,2.26933
2573,2.24016
2574,1.66839
2575,2.17438
2576,2.17438
2577,2.17438
2578,1.69593
2579,1.69593
2580,1.69593
2581,1.89268
2582,1.71086
2583,1.7384
2584,1.7384
2585,1.81364
2586,1.81364
2587,1.48025
2588,1.48025
2589,1.48025
2590,1.48025
2591,2.1221
2592,1.53203
2593,1.53203
2594,1.66686
2595,1.66686
2596,1.66686
2597,1.58043
2598,1.58043
2599,2.10748
2600,2.10748
2601,1.97156
2602,1.94901
2603,1.55709
2604,1.29541
2605,1.10402
2606,1.25644
2607,1.25644
2608,1.25644
2609,1.15887
2610,1.37498
2611,1.10093
2612,1.28606
2613,1.60937
2614,1.6072
2615,1.29893
2616,1.40761
2617,1.40761
2618,1.07382
2619,1.36361
2620,1.36361
2621,1.60858
2622,0.396872
2623,0.396872
2624,0.396872
2625,0.396872
2626,0.396872
2627,0.396872
2628,0.396872
2629,1.33917
2630,0.882513
2631,0.882513
2632,0.882513
2633,0.882513
2634,1.73527
2635,0.936883
2636,1.49942
2637,2.25785
2638,1.2466
2639,1.2466
2640,1.19249
2641,0.326169
2642,0.326169
2643,0.847567
2644,1.64861
2645,2.06442
2646,2.1304
2647,2.1304
2648,2.45215
2649,2.4537
2650,2.071
2651,2.61004
2652,2.6528
2653,3.24235
2654,2.20293
2655,1.94909
2656,1.94909
2657,1.14241
2658,1.14241
2659,0.834873
2660,0.834873
2661,0.918877
2662,1.25643
2663,0.691842
2664,0.691842
2665,0.691842
2666,0.691842
2667,0.691842
2668,0.760049
2669,0.760049
2670,1.64265
2671,1.65013
2672,0.552572
2673,0.552572
2674,0.463645
2675,0.463645
2676,0.463645
2677,0.463645
2678,0.902322
2679,0.627566
2680,0.627566
2681,0.627566
2682,0.627566
2683,0.832678
2684,0.29128
2685,0.29128
2686,1.74209
2687,2.03506
2688,2.03506
2689,1.9414
2690,1.71528
2691,1.71528
2692,1.57763
2693,1.57763
2694,1.49561
2695,1.49561
2696,1.30849
2697,1.30849
2698,1.30849
2699,1.30849
2700,1.18589
2701,1.10678
2702,1.10678
2703,1.10678
2704,1.10678
2705,1.07863
2706,1.34665
2707,1.51089
2708,1.51089
2709,0.975114
2710,0.975114
2711,0.975114
2712,1.26593
2713,1.56219
2714,1.64555
2715,1.64555
2716,1.64555
2717,0.714119
2718,0.849151
2719,0.849151
2720,1.77815
2721,1.77815
2722,1.61243
2723,2.03898
2724,2.0627
2725,2.0627
2726,2.0627
2727,2.0627
2728,0.998042
2729,0.998042
2730,0.998042
2731,0.998042
2732,0.875689
2733,0.875689
2734,0.875689
2735,0.875689
2736,1.49226
2737,1.49226
2738,1.72331
2739,1.86608
2740,2.59153
2741,3.23511
2742,3.86895
2743,3.86895
2744,3.15486
2745,3.15486
2746,2.84081
2747,2.82656
2748,2.82656
2749,2.82656
2750,2.82656
2751,3.09559
2752,3.09423
2753,2.68224
2754,2.62415
2755,2.76884
2756,1.91883
2757,1.92159
2758,1.0124
2759,1.0124
2760,1.0124
2761,1.0124
2762,1.0124
2763,1.0124
2764,1.0124
2765,1.4964
2766,1.4964
2767,1.4964
2768,1.4964
2769,2.68418
2770,2.58189
2771,2.19306
2772,2.30428
2773,2.30428
2774,2.30428
2775,2.30428
2776,2.30428
2777,1.78873
2778,2.06567
2779,2.54442
2780,2.44016
2781,2.57677
2782,2.57677
2783,2.82446
2784,2.37387
2785,1.7818
2786,1.15483
2787,1.15483
2788,0.815905
2789,0.815905
2790,1.75728
2791,0.921991
2792,0.597637
2793,1.41598
2794,1.85077
2795,1.51666
2796,0.654867
2797,1.37999
2798,0.406704
2799,1.09178
2800,0.903161
2801,1.33949
2802,1.33949
2803,1.55956
2804,1.55956
2805,1.10953
2806,1.10953
2807,0.512767
2808,0.689414
2809,0.689414
2810,0.689414
2811,0.673441
2812,0.673441
2813,0.552071
2814,0.552071
2815,0.552071
2816,0.552071
2817,0.552071
2818,1.2358
2819,0.869508
2820,0.869508
2821,0.833337
2822,1.43321
2823,1.43321
2824,1.43321
2825,1.43321
2826,2.27989
2827,1.72888
2828,0.899419
2829,1.10196
2830,1.03129
2831,1.62817
2832,2.17729
2833,2.20324
2834,2.20324
2835,2.20324
2836,2.05842
2837,2.31222
2838,2.31222
2839,2.31222
2840,2.36158
2841,2.36158
2842,2.36158
2843,2.4632
2844,2.4632
2845,1.32407
2846,1.32407
2847,1.32407
2848,1.32407
2849,1.32407
2850,1.19846
2851,1.70039
2852,1.57027
2853,1.57027
2854,1.4206
2855,1.14207
2856,1.14207
2857,1.14207
2858,1.05184
2859,1.38388
2860,1.38388
2861,2.12031
2862,2.12031
2863,2.12031
2864,1.56655
2865,1.56655
2866,1.48279
2867,1.48279
2868,1.48279
2869,1.35834
2870,0.747076
2871,0.859717
2872,0.382427
2873,0.507726
2874,1.08298
2875,1.37791
2876,1.37791
2877,1.37791
2878,1.37791
2879,1.60094
2880,1.60094
2881,1.60094
2882,1.60094
2883,1.50193
2884,1.50193
2885,1.39162
2886,1.39162
2887,0.977489
2888,1.17037
2889,1.17037
2890,0.95512
2891,0.95512
2892,0.95512
2893,1.25673
2894,1.25673
2895,0.688443
2896,0.977914
2897,0.977914
2898,0.977914
2899,0.977914
2900,0.977914
2901,0.977914
2902,0.977914
2903,0.977914
2904,1.07182
2905,1.07182
2906,1.01092
2907,1.01092
2908,1.41288
2909,1.11011
2910,1.11011
2911,1.19268
2912,2.01148
2913,1.54779
2914,1.54779
2915,0.84407
2916,1.32351
2917,1.09171
2918,0.987103
2919,1.05271
2920,2.30594
2921,1.11904
2922,1.11904
2923,1.11904
2924,0.768936
2925,0.391724
2926,0.391724
2927,1.00677
2928,1.00981
2929,1.00981
2930,1.19134
2931,0.958739
2932,0.253794
2933,0.253794
2934,0.253794
2935,0.990987
2936,0.990987
2937,0.990987
2938,0.990987
2939,0.990987
2940,0.990987
2941,1.38302
2942,1.28525
2943,1.28525
2944,1.02708
2945,1.02708
2946,1.53083
2947,1.53083
2948,1.53083
2949,0.87316
2950,0.87316
2951,0.87316
2952,0.87316
2953,0.87316
2954,1.44132
2955,2.21721
2956,2.9655
2957,2.9655
2958,2.55765
2959,2.5478
2960,2.87557
2961,2.87557
2962,2.68712
2963,3.13719
2964,3.26852
2965,3.19298
2966,3.15279
2967,3.15279
2968,2.88999
2969,2.82323
2970,2.76351
2971,2.3447
2972,2.11883
2973,2.02532
2974,2.07859
2975,1.79776
2976,1.79776
2977,1.57079
2978,0.958178
2979,0.86675
2980,0.86675
2981,0.989342
2982,0.952454
2983,0.952454
2984,0.789239
2985,0.789239
2986,1.07839
2987,1.0702
2988,0.513017
2989,0.513017
2990,0.513017
2991,0.513017
2992,0.513017
2993,0.513017
2994,0.513017
2995,0.513017
2996,0.513017
2997,0.513017
2998,0.499255
2999,0.499255
