0.000000,0.000000,50.000000
-0.054925,0.172403,50.492070
0.319520,1.145564,50.183661
1.127280,1.808079,49.034391
0.331259,1.981932,48.504550
0.441318,0.823456,48.704179
1.052487,0.183032,47.968082
1.036230,0.797546,47.918013
1.022454,0.216491,47.292257
1.022454,0.216491,47.292257
1.022454,0.216491,47.292257
1.026912,-0.925228,47.738671
1.391604,-1.611984,48.166782
1.391604,-1.611984,48.166782
1.391604,-1.611984,48.166782
1.391604,-1.611984,48.166782
2.143489,-2.768922,47.287912
1.071839,-2.256708,46.356176
2.236980,-2.499055,45.810780
1.640256,-2.407495,45.288042
1.595927,-3.593370,44.603366
0.438789,-4.519157,44.719819
-0.424067,-3.553729,43.845961
-0.424067,-3.553729,43.845961
-1.141143,-4.371894,44.265797
-1.141143,-4.371894,44.265797
-1.141143,-4.371894,44.265797
-1.141143,-4.371894,44.265797
-1.141143,-4.371894,44.265797
-0.224527,-4.874887,44.942416
0.568016,-4.008125,45.515083
-0.006944,-3.152040,45.629804
-0.006944,-3.152040,45.629804
-0.387018,-2.527934,44.524402
-0.116274,-3.216418,44.515489
1.065272,-4.280652,43.502252
0.073857,-3.259643,44.205590
-0.294942,-2.496316,44.065289
0.752976,-1.497561,42.983270
0.752976,-1.497561,42.983270
1.531248,-1.146844,42.233107
0.952274,-2.202639,41.349517
-0.216622,-2.494905,40.513147
-0.216622,-2.494905,40.513147
-0.216622,-2.494905,40.513147
-0.820345,-1.874963,40.391649
-0.830403,-0.944991,40.053249
-1.674875,-0.240142,39.529690
-1.674875,-0.240142,39.529690
-1.092893,0.111354,38.329846
-1.092893,0.111354,38.329846
-1.092893,0.111354,38.329846
-1.092893,0.111354,38.329846
-1.838446,1.237996,37.735303
-1.838446,1.237996,37.735303
-1.554902,0.397279,37.828191
-1.458533,0.098609,38.219128
-2.219819,-1.080816,38.041473
-3.332479,-1.779839,36.919734
-3.749217,-2.485542,36.950076
-3.700480,-2.237681,35.877027
-3.535541,-1.268658,34.759683
-4.033407,-1.042578,34.103655
-4.824917,-2.060963,33.186584
-5.984575,-2.257369,32.296613
-5.594416,-2.628286,31.579566
-5.594416,-2.628286,31.579566
-4.990960,-3.821751,31.316482
-3.867918,-3.907415,30.603737
-3.099606,-4.131419,31.646845
-2.042645,-3.111149,31.902790
-2.549583,-2.155762,31.463042
-2.567298,-1.586437,30.926526
-2.567298,-1.586437,30.926526
-2.415621,-2.327744,31.327915
-3.307097,-1.855085,31.304010
-3.463671,-1.466533,31.321261
-3.731800,-2.405654,30.157631
-4.072875,-3.060113,30.026881
-4.396243,-3.411059,29.805443
-4.396243,-3.411059,29.805443
-4.012294,-4.334587,29.085629
-3.770562,-4.601408,29.248391
-3.770562,-4.601408,29.248391
-4.946788,-4.987815,29.331526
-4.946788,-4.987815,29.331526
-4.946788,-4.987815,29.331526
-5.177280,-5.255896,28.538499
-5.985368,-4.355754,28.081635
-5.985368,-4.355754,28.081635
-5.985368,-4.355754,28.081635
-5.661072,-5.133365,27.861171
-6.740643,-4.231131,28.259844
-6.740643,-4.231131,28.259844
-6.399216,-3.486010,27.621915
-6.399216,-3.486010,27.621915
-7.356422,-4.018388,26.787582
-7.811311,-3.313054,27.805738
-7.024501,-3.109924,28.767468
-5.946405,-3.276618,29.660813
-5.946405,-3.276618,29.660813
-5.946405,-3.276618,29.660813
-4.866220,-3.251883,29.400704
-5.266584,-2.792316,29.301206
-4.431805,-2.334968,29.325464
-3.413450,-2.177277,29.426780
-3.413450,-2.177277,29.426780
-3.413450,-2.177277,29.426780
-3.413450,-2.177277,29.426780
-4.380719,-1.650115,29.225704
-4.356462,-1.931335,28.555330
-3.354471,-2.565957,27.839684
-3.354471,-2.565957,27.839684
-3.354471,-2.565957,27.839684
-3.354471,-2.565957,27.839684
-2.541334,-2.412425,26.672942
-2.894831,-1.965210,26.540796
-2.479841,-2.329368,26.418644
-3.502791,-1.172181,26.095944
-3.502791,-1.172181,26.095944
-2.308647,-1.216870,25.542315
-3.232454,-0.357045,24.537723
-4.101052,-0.425356,24.676555
-5.101952,-0.718660,23.659756
-4.176147,-1.047756,24.275916
-4.176147,-1.047756,24.275916
-4.176147,-1.047756,24.275916
-4.176147,-1.047756,24.275916
-4.913652,-1.569718,24.202260
-5.173918,-1.540527,23.737904
-4.029907,-1.053569,23.771078
-3.795011,-1.548433,22.951183
-4.713538,-1.125442,22.106153
-4.713538,-1.125442,22.106153
-3.775378,-0.673134,21.225973
-3.775378,-0.673134,21.225973
-3.462820,-0.662601,20.183873
-2.666830,-0.009300,20.050747
-2.598546,0.544928,19.847686
-2.464932,-0.410551,19.839550
-3.271352,-0.064201,19.393172
-3.271352,-0.064201,19.393172
-3.934607,-0.517974,19.093369
-3.244880,-0.245796,18.477131
-4.078931,0.240871,18.584464
-4.078931,0.240871,18.584464
-3.160971,0.991003,18.824994
-3.547315,2.045343,18.198997
-3.155352,2.390844,18.451220
-2.690670,3.085316,17.433907
-2.001807,3.276839,17.781481
-2.507139,2.420079,16.721846
-2.507139,2.420079,16.721846
-2.507139,2.420079,16.721846
-3.181166,1.644314,15.523093
-3.203205,0.509239,15.326514
-2.070445,1.199193,15.495712
-3.115775,2.275687,16.315902
-4.157986,2.335812,15.678139
-3.814366,1.860613,15.817259
-4.152802,2.222994,16.131439
-3.879521,2.071839,16.216453
-4.873520,0.933270,16.095808
-4.873520,0.933270,16.095808
-5.788010,1.999741,14.909443
-5.520731,1.309177,14.731985
-6.480297,1.307867,13.833331
-5.770844,0.820711,14.009962
-5.770844,0.820711,14.009962
-5.770844,0.820711,14.009962
-5.252162,0.528196,14.375074
-4.071933,-0.137565,14.783634
-3.946302,0.284194,14.238122
-4.901018,0.250936,14.068158
-3.892048,0.829514,12.978231
-3.892048,0.829514,12.978231
-3.781893,-0.327106,12.458953
-4.247936,-0.740037,12.866034
-4.247936,-0.740037,12.866034
-4.070923,-1.046786,13.367672
-4.235777,-0.824412,13.400652
-3.241974,-1.719312,12.338035
-3.549107,-0.956311,11.971489
-3.132172,-1.174629,12.100572
-3.132172,-1.174629,12.100572
-3.132172,-1.174629,12.100572
-3.132172,-1.174629,12.100572
-2.774558,-0.408623,11.100819
-2.774558,-0.408623,11.100819
-2.311948,-0.056498,12.202495
-2.311948,-0.056498,12.202495
-3.475711,0.439772,11.887120
-3.475711,0.439772,11.887120
-3.475711,0.439772,11.887120
-4.501016,-0.589810,11.399693
-4.501016,-0.589810,11.399693
-4.501016,-0.589810,11.399693
-4.501016,-0.589810,11.399693
-5.665759,0.159861,10.461860
-5.665759,0.159861,10.461860
-6.097820,-0.782760,9.657755
-6.176392,0.087551,8.786736
-6.425352,-0.536923,9.410034
-7.598666,-0.912244,8.896539
-8.540837,-1.615129,8.916628
-7.782377,-1.174910,7.897919
-7.782377,-1.174910,7.897919
-7.782377,-1.174910,7.897919
-7.782377,-1.174910,7.897919
-7.367112,-1.600972,7.283454
-7.367112,-1.600972,7.283454
-7.367112,-1.600972,7.283454
-6.831229,-0.996670,7.845619
-6.831229,-0.996670,7.845619
-6.831229,-0.996670,7.845619
-7.509674,-1.809696,6.800472
-7.509674,-1.809696,6.800472
-7.509674,-1.809696,6.800472
-6.790832,-2.015813,6.717919
-5.602519,-2.135512,7.418463
-5.602519,-2.135512,7.418463
-6.700119,-3.193596,6.607256
-6.779827,-3.639618,6.325361
-6.239094,-4.364358,5.938641
-5.318897,-3.886119,6.160528
-5.318897,-3.886119,6.160528
-4.679353,-3.113852,5.587432
-4.679353,-3.113852,5.587432
-3.635118,-2.802476,5.168721
-2.805679,-1.853874,5.592258
-2.805679,-1.853874,5.592258
-2.805679,-1.853874,5.592258
-2.171781,-2.273680,4.963748
-1.003040,-1.165302,4.835024
-0.522589,-1.015530,5.286893
-0.522589,-1.015530,5.286893
-1.297968,-0.149372,5.103409
-1.706918,-0.185943,6.083848
-1.706918,-0.185943,6.083848
-0.633722,0.306493,5.497034
-0.628254,1.001740,4.725184
-0.628254,1.001740,4.725184
-0.628254,1.001740,4.725184
-0.628254,1.001740,4.725184
-0.328885,0.417616,5.297324
-0.328885,0.417616,5.297324
-0.328885,0.417616,5.297324
-0.328885,0.417616,5.297324
0.505243,0.634130,4.409118
0.776963,0.247395,4.190766
-0.263742,0.410942,3.510298
-0.570594,-0.106236,4.601229
-0.558146,-0.904327,3.735938
0.444007,-1.149821,3.741493
-0.079111,-0.434407,3.111274
0.452582,-1.172400,2.721210
-0.397902,-0.509500,1.900527
-0.140254,-0.443989,2.170685
0.541263,-0.789791,3.049692
0.541263,-0.789791,3.049692
0.541263,-0.789791,3.049692
0.010367,0.360746,2.876183
-0.937427,1.252663,3.080325
-0.937427,1.252663,3.080325
-0.937427,1.252663,3.080325
-0.756619,0.941154,2.863771
-0.697747,0.162678,2.724231
-0.697747,0.162678,2.724231
-0.697747,0.162678,2.724231
0.228922,-0.763927,2.481669
-0.051120,0.242601,1.503871
-0.051120,0.242601,1.503871
-0.051120,0.242601,1.503871
-0.051120,0.242601,1.503871
-0.051120,0.242601,1.503871
-0.306148,-0.811840,0.518426
0.198947,-1.138633,0.779589
0.198947,-1.138633,0.779589
-0.339613,-0.568217,1.972749
-0.339613,-0.568217,1.972749
-0.339613,-0.568217,1.972749
-0.339613,-0.568217,1.972749
-0.339613,-0.568217,1.972749
-1.141662,-0.364994,1.116293
-1.584966,0.400854,-0.016043
-0.802237,1.075030,-0.471431
-0.442873,0.456220,-1.129811
-0.442873,0.456220,-1.129811
-0.442873,0.456220,-1.129811
-0.442873,0.456220,-1.129811
-0.442873,0.456220,-1.129811
-0.442873,0.456220,-1.129811
-1.097507,-0.157911,-0.203127
-0.159686,-1.063672,-0.838636
-0.159686,-1.063672,-0.838636
-0.159686,-1.063672,-0.838636
0.998172,-0.420274,0.331110
-0.192349,0.586503,1.049195
-0.192349,0.586503,1.049195
-1.005398,-0.612638,1.526473
-1.116133,-1.327055,0.608840
-0.305695,-0.874496,0.823179
-1.234821,0.118062,0.413468
-1.234821,0.118062,0.413468
-0.669154,-0.240040,0.008368
-0.669154,-0.240040,0.008368
-0.669154,-0.240040,0.008368
-0.669154,-0.240040,0.008368
-0.669154,-0.240040,0.008368
0.353423,-0.528795,-0.857557
0.353423,-0.528795,-0.857557
0.353423,-0.528795,-0.857557
-0.833407,-0.737545,-0.709339
-0.833407,-0.737545,-0.709339
-0.833407,-0.737545,-0.709339
0.102059,0.295005,-0.237789
0.102059,0.295005,-0.237789
0.102059,0.295005,-0.237789
0.102059,0.295005,-0.237789
0.102059,0.295005,-0.237789
0.102059,0.295005,-0.237789
0.102059,0.295005,-0.237789
-0.828534,0.209987,0.875667
-0.828534,0.209987,0.875667
-1.150345,0.645629,-0.241970
-0.938435,-0.464232,-0.110233
-0.938435,-0.464232,-0.110233
0.129791,-0.486104,0.464707
0.129791,-0.486104,0.464707
0.129791,-0.486104,0.464707
-0.299668,0.490133,-0.012159
-0.299668,0.490133,-0.012159
-0.299668,0.490133,-0.012159
0.653335,0.820974,0.683087
-0.019076,0.565471,-0.131841
-0.019076,0.565471,-0.131841
0.326009,-0.213570,0.314795
-0.517364,-0.625575,0.626818
0.066046,-0.869338,1.088387
-0.158426,-0.306947,1.026231
-0.158426,-0.306947,1.026231
-0.893169,0.386134,1.798791
-0.016374,0.588502,2.938735
-0.622117,1.415605,1.778133
0.394164,1.099539,1.322740
0.394164,1.099539,1.322740
0.394164,1.099539,1.322740
-0.746552,1.178949,0.514510
-0.251335,0.918679,0.941784
-0.251335,0.918679,0.941784
0.008974,1.111747,-0.252840
0.617759,0.271979,0.165896
0.300183,1.340369,1.074266
0.625292,0.168451,0.341056
0.625292,0.168451,0.341056
0.625292,0.168451,0.341056
0.045553,0.234196,0.899486
0.045553,0.234196,0.899486
-0.767462,0.577503,-0.214904
-1.826042,0.225257,-0.326653
-1.826042,0.225257,-0.326653
-1.826042,0.225257,-0.326653
-0.805814,-0.482556,-0.174626
-0.253861,-0.535577,-1.309363
-0.253861,-0.535577,-1.309363
0.115263,0.154646,-1.244418
0.115263,0.154646,-1.244418
-0.188913,1.123666,-0.238382
0.940426,0.790964,0.805641
0.940426,0.790964,0.805641
-0.161453,1.769355,0.177495
-0.161453,1.769355,0.177495
-0.692351,0.800803,-0.010288
-0.692351,0.800803,-0.010288
-0.692351,0.800803,-0.010288
-0.692351,0.800803,-0.010288
-0.326811,0.624670,0.248191
-1.513886,-0.242443,0.430496
-1.359275,0.743946,-0.723040
-1.490985,1.829070,0.006381
-2.284295,1.508234,-0.426521
-2.284295,1.508234,-0.426521
-1.121017,0.593991,0.053823
-1.004171,1.244784,-0.404550
-1.004171,1.244784,-0.404550
-1.004171,1.244784,-0.404550
-1.004171,1.244784,-0.404550
-1.495702,0.243185,0.476356
-1.495702,0.243185,0.476356
-1.124930,0.549010,1.370010
-1.124930,0.549010,1.370010
-1.131069,-0.094754,0.334574
-0.472067,-0.039769,-0.536657
0.526309,-0.948102,-0.060226
-0.531823,-1.056000,-0.756713
-0.531823,-1.056000,-0.756713
-0.531823,-1.056000,-0.756713
-0.921734,-0.337209,0.345648
-0.219904,0.438463,0.739094
-0.420629,0.546580,-0.433696
-0.905905,0.697445,0.361064
-0.718793,1.228332,0.143703
-0.046205,0.135262,-0.472669
-0.391418,1.275339,0.159171
-0.391418,1.275339,0.159171
0.205747,1.100139,-0.723083
1.131974,1.504487,0.341503
0.218554,0.681851,0.355316
0.530193,-0.267909,-0.254833
0.530193,-0.267909,-0.254833
0.530193,-0.267909,-0.254833
0.530193,-0.267909,-0.254833
0.530193,-0.267909,-0.254833
-0.429819,-0.576010,-0.062586
-0.429819,-0.576010,-0.062586
-0.429819,-0.576010,-0.062586
0.089462,-0.120505,-0.629901
0.089462,-0.120505,-0.629901
0.089462,-0.120505,-0.629901
0.089462,-0.120505,-0.629901
0.089462,-0.120505,-0.629901
0.089462,-0.120505,-0.629901
0.149962,-0.535915,-0.415548
0.149962,-0.535915,-0.415548
0.149962,-0.535915,-0.415548
0.149962,-0.535915,-0.415548
0.149962,-0.535915,-0.415548
0.149962,-0.535915,-0.415548
0.227607,-0.949559,0.285450
-0.538524,-0.242346,-0.734633
-0.538524,-0.242346,-0.734633
0.609961,-0.226367,-0.020844
0.609961,-0.226367,-0.020844
0.305170,-0.249153,-0.611131
0.305170,-0.249153,-0.611131
0.305170,-0.249153,-0.611131
0.305170,-0.249153,-0.611131
0.305170,-0.249153,-0.611131
0.305170,-0.249153,-0.611131
-0.668919,0.642584,-0.560200
-0.479185,-0.372912,-0.996623
-0.479185,-0.372912,-0.996623
-0.479185,-0.372912,-0.996623
-0.479185,-0.372912,-0.996623
-0.560412,-0.245842,-0.459164
-0.560412,-0.245842,-0.459164
0.271264,0.775611,0.147314
0.271264,0.775611,0.147314
0.227382,0.401302,-0.946938
-0.409505,-0.516509,0.184514
0.294067,-0.316970,0.166621
0.294067,-0.316970,0.166621
0.294067,-0.316970,0.166621
-0.399712,0.067776,0.055882
-0.360646,0.194401,-0.204818
-0.360646,0.194401,-0.204818
-0.360646,0.194401,-0.204818
-0.360646,0.194401,-0.204818
-0.360646,0.194401,-0.204818
-0.360646,0.194401,-0.204818
-0.319585,0.856872,0.417685
-0.319585,0.856872,0.417685
0.708096,0.849121,1.386646
0.708096,0.849121,1.386646
-0.122689,1.112244,1.275757
0.403993,0.676472,1.824030
0.559470,-0.484623,1.432666
0.559470,-0.484623,1.432666
0.559470,-0.484623,1.432666
1.363081,-0.010354,0.851049
1.363081,-0.010354,0.851049
1.363081,-0.010354,0.851049
0.544298,-0.098006,0.455138
-0.104457,-0.955580,-0.194965
-0.467013,-0.408333,0.335183
-0.467013,-0.408333,0.335183
-0.287218,-0.785823,-0.561508
0.862409,-0.238539,0.624208
0.790199,-0.493887,1.321263
0.786456,-0.270845,0.792854
0.786456,-0.270845,0.792854
-0.195881,0.596085,0.040028
-0.095596,0.428014,0.754707
-0.582149,0.471428,1.755190
-0.425710,-0.510170,1.509397
-0.425710,-0.510170,1.509397
-0.574825,-1.703848,0.345607
0.463539,-0.995066,1.355837
-0.023941,-0.920437,0.161141
-0.023941,-0.920437,0.161141
-1.223086,-0.979735,0.105699
-0.516678,-0.750437,-0.447541
-0.516678,-0.750437,-0.447541
-0.516678,-0.750437,-0.447541
-0.516678,-0.750437,-0.447541
0.319078,-0.569589,-0.774235
0.000071,-1.147797,-1.200277
0.000071,-1.147797,-1.200277
0.000071,-1.147797,-1.200277
-0.681679,-0.255580,-0.415073
-0.681679,-0.255580,-0.415073
-0.681679,-0.255580,-0.415073
0.516899,-0.714471,-1.332767
0.084661,0.005400,-1.254102
0.819054,-1.112063,-0.535931
0.819054,-1.112063,-0.535931
0.819054,-1.112063,-0.535931
0.070000,-1.049212,0.291588
0.070000,-1.049212,0.291588
-1.068224,-0.181300,1.019952
-0.663280,-0.443582,1.069649
-0.663280,-0.443582,1.069649
0.094479,0.616657,0.242219
0.094479,0.616657,0.242219
0.094479,0.616657,0.242219
0.094479,0.616657,0.242219
0.132611,0.598575,-0.057230
0.288314,0.424150,-0.352279
0.288314,0.424150,-0.352279
-0.114877,-0.065050,-0.243040
-0.114877,-0.065050,-0.243040
-0.114877,-0.065050,-0.243040
-0.114877,-0.065050,-0.243040
-1.241500,-1.011672,0.237964
-2.108231,0.119582,1.434769
-2.108231,0.119582,1.434769
-2.108231,0.119582,1.434769
-2.996529,0.124146,1.715556
-1.972903,0.476748,1.667020
-2.140428,-0.237670,1.154571
-1.165964,0.357366,1.283040
-1.165964,0.357366,1.283040
-1.440313,-0.400582,1.448158
-1.440313,-0.400582,1.448158
-1.094107,0.222411,0.754767
-1.094107,0.222411,0.754767
-1.947729,0.978142,0.789534
-2.236175,0.638211,-0.340417
-2.142813,0.860413,-0.793656
-2.184118,-0.096322,0.098353
-2.184118,-0.096322,0.098353
-2.184118,-0.096322,0.098353
-2.184118,-0.096322,0.098353
-2.184118,-0.096322,0.098353
-2.184118,-0.096322,0.098353
-2.024088,-1.100409,0.238330
-1.165613,-0.422509,-0.111037
-0.119278,-1.348446,0.764585
-0.119278,-1.348446,0.764585
-0.119278,-1.348446,0.764585
-0.380236,-1.282918,0.945950
-0.380236,-1.282918,0.945950
-0.380236,-1.282918,0.945950
-0.380236,-1.282918,0.945950
-0.485942,-0.957824,0.154139
-0.450607,0.097625,0.634881
-0.450607,0.097625,0.634881
-0.450607,0.097625,0.634881
0.310761,-0.505953,0.074202
0.310761,-0.505953,0.074202
-0.726068,0.384732,-0.013105
-0.726068,0.384732,-0.013105
-0.726068,0.384732,-0.013105
-0.726068,0.384732,-0.013105
-0.726068,0.384732,-0.013105
-0.726068,0.384732,-0.013105
0.087540,0.936980,0.505740
0.087540,0.936980,0.505740
0.087540,0.936980,0.505740
1.249036,1.048334,0.077922
0.421554,1.220281,-0.651832
-0.218964,1.046326,-0.964294
-1.067265,0.778207,-1.472271
-1.067265,0.778207,-1.472271
-1.067265,0.778207,-1.472271
-1.248423,0.708056,-0.427046
-1.248423,0.708056,-0.427046
-1.929657,0.386131,0.103745
-1.458489,-0.224718,0.483447
-0.565556,0.593843,0.116807
-0.537794,-0.092542,0.208886
-0.695466,0.514522,0.190834
-0.695466,0.514522,0.190834
-0.682413,-0.280312,0.553975
-0.682413,-0.280312,0.553975
0.224918,-0.983528,1.307811
0.224918,-0.983528,1.307811
-0.818228,-1.386717,0.131543
-0.818228,-1.386717,0.131543
-1.992339,-0.498596,0.115535
-2.681365,-0.201593,0.458160
-1.917848,-0.887549,0.448387
-1.502070,-0.777656,0.435613
-0.309081,-1.578091,0.589128
-0.309081,-1.578091,0.589128
-0.309081,-1.578091,0.589128
-0.533717,-0.915287,1.503549
-0.533717,-0.915287,1.503549
-0.105289,-0.097629,0.665498
-0.105289,-0.097629,0.665498
-0.105289,-0.097629,0.665498
-0.105289,-0.097629,0.665498
-0.105289,-0.097629,0.665498
-0.105289,-0.097629,0.665498
-0.105289,-0.097629,0.665498
-0.105289,-0.097629,0.665498
-0.105289,-0.097629,0.665498
-0.105289,-0.097629,0.665498
-0.153585,0.868750,0.131033
-0.153585,0.868750,0.131033
0.852506,0.796088,1.254238
0.362376,0.935946,0.096582
0.319083,0.681928,0.691651
0.319083,0.681928,0.691651
-0.876863,1.023341,-0.340121
-0.351988,0.636691,-0.712450
0.728225,0.975566,-1.857535
0.728225,0.975566,-1.857535
-0.061592,0.613240,-2.564300
-0.061592,0.613240,-2.564300
-0.840547,0.748608,-3.338527
-1.007111,0.851850,-2.782507
-1.154987,0.019570,-2.175764
-1.154987,0.019570,-2.175764
-1.736154,0.060029,-1.277978
-2.376521,0.925097,-0.972436
-2.376521,0.925097,-0.972436
-2.376521,0.925097,-0.972436
-2.553026,0.766704,-1.017081
-2.553026,0.766704,-1.017081
-1.699791,1.550179,-0.404921
-1.699791,1.550179,-0.404921
-1.084976,0.967886,0.288414
-1.517237,0.837849,0.038813
-0.388768,1.648336,0.208772
-0.388768,1.648336,0.208772
0.077311,0.829951,-0.884903
1.192112,0.080757,0.265296
1.358247,-0.669990,-0.298074
1.401843,0.206066,0.456438
0.703166,1.016860,-0.643441
1.264971,2.098153,-0.186025
0.678153,2.522774,0.801690
0.113976,2.410151,-0.052290
-0.235412,1.233461,0.524038
0.322772,1.111132,0.006953
1.483625,0.693364,-1.143005
1.663507,0.845604,-1.025290
0.844589,0.779166,-2.135449
0.884040,0.856539,-1.535655
0.884040,0.856539,-1.535655
0.597653,1.287498,-0.825010
0.597653,1.287498,-0.825010
0.597653,1.287498,-0.825010
0.398753,1.558348,0.155552
-0.787755,0.417649,-0.171666
0.102306,0.037353,-0.651726
0.829559,-0.776247,-0.821956
-0.351383,0.184104,0.363191
-0.351383,0.184104,0.363191
0.523832,-0.330936,0.273588
0.938809,0.076394,0.925054
0.938809,0.076394,0.925054
0.540477,1.009811,0.935809
-0.100937,0.720862,0.675018
-0.067256,0.377590,-0.362495
-0.067256,0.377590,-0.362495
0.492860,-0.404545,0.381714
0.492860,-0.404545,0.381714
0.492860,-0.404545,0.381714
-0.374387,0.458915,-0.259360
-0.374387,0.458915,-0.259360
-0.374387,0.458915,-0.259360
-0.374387,0.458915,-0.259360
-0.374387,0.458915,-0.259360
-1.350456,0.814441,-0.580439
-0.501318,1.196643,0.351861
-0.234447,1.503204,0.696264
-0.234447,1.503204,0.696264
-0.234447,1.503204,0.696264
-1.171493,1.473070,1.258381
-1.171493,1.473070,1.258381
-1.171493,1.473070,1.258381
-0.893253,0.397743,0.820503
-0.295407,0.524109,1.275350
-0.288718,1.285261,0.835562
0.140828,0.636724,-0.013064
0.140828,0.636724,-0.013064
-0.201817,0.096484,-0.769934
-0.201817,0.096484,-0.769934
-0.201817,0.096484,-0.769934
-0.201817,0.096484,-0.769934
0.276718,-0.797958,-0.229966
0.276718,-0.797958,-0.229966
-0.273463,-1.122675,0.584591
-0.273463,-1.122675,0.584591
-0.817789,-1.186292,0.402760
0.314353,-0.222297,1.309884
1.312591,-0.103148,1.287369
0.190618,-0.998002,1.264815
0.190618,-0.998002,1.264815
0.190618,-0.998002,1.264815
0.549932,-0.371037,1.958099
1.091545,-0.591305,0.783823
0.953543,0.546193,0.582310
0.081085,0.343241,0.960959
0.081085,0.343241,0.960959
0.081085,0.343241,0.960959
0.982164,0.713528,0.776125
0.982164,0.713528,0.776125
1.673773,0.090762,-0.265351
1.673773,0.090762,-0.265351
1.673773,0.090762,-0.265351
1.673773,0.090762,-0.265351
1.673773,0.090762,-0.265351
1.673773,0.090762,-0.265351
1.673773,0.090762,-0.265351
1.673773,0.090762,-0.265351
1.673773,0.090762,-0.265351
1.673773,0.090762,-0.265351
0.516617,0.668923,-0.369082
0.516617,0.668923,-0.369082
-0.028142,0.760148,0.120202
-0.610889,0.043285,-0.501014
-0.833339,0.434339,-0.019767
-0.259616,0.049268,-0.875020
0.510621,-0.171044,-0.842882
0.510621,-0.171044,-0.842882
0.238317,0.980996,0.316869
0.238317,0.980996,0.316869
-0.027159,1.039526,-0.628542
-0.027159,1.039526,-0.628542
-0.027159,1.039526,-0.628542
-0.749023,1.501804,-0.668494
-1.435472,0.574894,0.193480
-0.359737,0.284941,0.862249
-0.359737,0.284941,0.862249
-0.359737,0.284941,0.862249
0.032957,0.387746,0.918718
0.032957,0.387746,0.918718
-0.494151,0.109253,0.535493
-0.494151,0.109253,0.535493
-0.494151,0.109253,0.535493
0.251852,0.514099,0.046775
0.251852,0.514099,0.046775
0.503774,0.608014,-0.386783
1.035936,-0.557313,-0.710405
1.035936,-0.557313,-0.710405
0.404452,-1.318749,-1.153983
0.514155,-0.518022,-1.762036
0.514155,-0.518022,-1.762036
0.514155,-0.518022,-1.762036
0.514155,-0.518022,-1.762036
0.514155,-0.518022,-1.762036
1.341027,0.133674,-1.197744
1.611580,0.817795,-0.202620
1.611580,0.817795,-0.202620
0.679355,-0.276996,0.173394
-0.471816,-0.293900,0.336948
-0.408528,0.031704,-0.053381
-0.408528,0.031704,-0.053381
-0.408528,0.031704,-0.053381
-0.408528,0.031704,-0.053381
0.148672,-0.046298,0.023582
0.148672,-0.046298,0.023582
-0.831121,0.859371,0.636702
-0.831121,0.859371,0.636702
0.066759,0.814603,0.050897
-0.472614,0.735666,0.417422
-0.472614,0.735666,0.417422
0.559453,-0.287602,0.594773
0.559453,-0.287602,0.594773
0.933929,-0.056669,0.570028
0.933929,-0.056669,0.570028
0.933929,-0.056669,0.570028
1.743974,0.388659,0.581061
1.743974,0.388659,0.581061
1.333257,1.085658,0.128761
1.333257,1.085658,0.128761
1.768277,0.937683,-0.517963
1.403579,1.593448,-1.062449
0.535710,0.615885,-0.770393
0.535710,0.615885,-0.770393
0.535710,0.615885,-0.770393
0.535710,0.615885,-0.770393
0.712250,-0.417318,-0.484933
0.712250,-0.417318,-0.484933
-0.432406,-0.742018,-1.202665
-0.268427,-1.511008,-0.886473
-0.268427,-1.511008,-0.886473
-0.640045,-0.717897,-0.049584
0.150591,0.059637,-0.530003
-0.311019,0.936403,-0.603240
-0.311019,0.936403,-0.603240
-0.311019,0.936403,-0.603240
-0.311019,0.936403,-0.603240
-0.311019,0.936403,-0.603240
-0.482499,0.616294,-0.111434
-0.482499,0.616294,-0.111434
-0.630579,-0.269043,0.538582
-0.602974,0.406753,1.034211
-0.629783,0.643447,0.370592
-0.629783,0.643447,0.370592
-0.796138,0.293864,-0.124516
-0.796138,0.293864,-0.124516
-0.796138,0.293864,-0.124516
-0.500990,-0.741937,-0.679263
0.683929,-0.929951,-0.418376
0.388116,-1.084962,0.608255
0.388116,-1.084962,0.608255
0.522650,-0.902364,0.621791
0.522650,-0.902364,0.621791
1.673226,-0.716562,0.054446
1.703286,-0.458218,-1.009097
2.328955,-1.653357,-0.053288
1.909160,-2.177330,0.777414
2.728589,-1.972327,1.045901
2.728589,-1.972327,1.045901
2.524286,-2.937948,0.111517
1.636937,-1.816637,-0.407149
1.636937,-1.816637,-0.407149
1.636937,-1.816637,-0.407149
2.432488,-1.653790,0.190067
3.384836,-0.533186,1.064359
3.628794,0.120306,1.496290
2.509667,-0.551670,2.522506
1.627133,-1.286928,3.030366
1.874965,-1.517812,2.977651
2.725192,-0.844996,3.226689
3.196002,-1.289375,3.019484
3.196002,-1.289375,3.019484
2.139619,-0.273228,3.301949
1.901685,0.261224,3.380579
1.594894,1.352733,3.253284
0.547224,2.254639,2.493183
1.513731,2.817984,2.262934
1.110768,3.696038,2.337060
0.953827,4.406955,2.634950
0.179226,3.216594,2.329765
0.180403,3.474424,1.402722
-0.530716,3.308752,0.662767
-1.210087,3.428672,-0.118468
-1.210087,3.428672,-0.118468
-1.183423,3.097383,-1.060933
-0.326284,2.739064,-2.057518
-0.326284,2.739064,-2.057518
-0.388656,1.810809,-3.041167
-0.083145,1.007854,-4.158425
-0.083145,1.007854,-4.158425
-0.083145,1.007854,-4.158425
-0.083145,1.007854,-4.158425
-0.634981,0.629036,-3.060330
-0.634981,0.629036,-3.060330
-1.774210,0.077742,-2.103680
-1.708027,1.210876,-2.077489
-1.708027,1.210876,-2.077489
-1.708027,1.210876,-2.077489
-1.708027,1.210876,-2.077489
-1.708027,1.210876,-2.077489
-1.708027,1.210876,-2.077489
-0.915664,2.263220,-1.143139
-0.915664,2.263220,-1.143139
-0.915664,2.263220,-1.143139
-0.408345,1.973524,-1.580856
0.363042,3.110042,-0.720873
0.212167,3.537562,0.367640
1.189479,3.258870,0.260996
1.204584,2.082111,-0.504849
1.204584,2.082111,-0.504849
0.176630,0.887973,-0.098393
-0.757566,0.652703,-0.599783
-0.757566,0.652703,-0.599783
-0.757566,0.652703,-0.599783
-0.757566,0.652703,-0.599783
-0.757566,0.652703,-0.599783
-0.757566,0.652703,-0.599783
-0.757566,0.652703,-0.599783
-0.757566,0.652703,-0.599783
-0.159924,0.970959,-0.203097
-0.159924,0.970959,-0.203097
-0.159924,0.970959,-0.203097
-0.159924,0.970959,-0.203097
-0.159924,0.970959,-0.203097
-0.159924,0.970959,-0.203097
-0.159924,0.970959,-0.203097
0.379258,0.639395,0.582285
0.379258,0.639395,0.582285
-0.006253,0.539849,0.430801
-0.006253,0.539849,0.430801
-0.006253,0.539849,0.430801
0.668220,0.470628,0.934173
0.668220,0.470628,0.934173
0.668220,0.470628,0.934173
0.668220,0.470628,0.934173
0.668220,0.470628,0.934173
0.561178,1.470841,0.995978
0.167569,1.559945,0.006029
0.167569,1.559945,0.006029
-0.577832,1.445933,0.867498
-1.025903,0.930661,0.973028
-1.025903,0.930661,0.973028
-1.025903,0.930661,0.973028
-1.813918,-0.053529,1.532112
-0.952601,1.139444,1.620199
-0.938155,0.066637,1.594501
0.031748,-0.699964,0.456753
0.031748,-0.699964,0.456753
0.031748,-0.699964,0.456753
1.136957,-0.377437,-0.638821
1.136957,-0.377437,-0.638821
1.195857,0.487902,-1.294647
1.707307,0.016995,-0.297274
1.463478,0.487654,-0.399371
1.745940,-0.638474,0.732450
1.745940,-0.638474,0.732450
1.745940,-0.638474,0.732450
0.928129,-0.554307,0.528607
0.028979,-0.011008,-0.355114
0.028979,-0.011008,-0.355114
-0.296407,-0.281422,-1.344143
-0.719895,0.112811,-1.837625
-1.102189,0.892747,-0.884862
-1.102189,0.892747,-0.884862
-0.934561,0.985903,-0.059158
-0.041246,1.501868,0.471249
-0.041246,1.501868,0.471249
-0.041246,1.501868,0.471249
-0.403926,0.638069,-0.063453
-0.403926,0.638069,-0.063453
-0.403926,0.638069,-0.063453
-0.403926,0.638069,-0.063453
-0.403926,0.638069,-0.063453
-0.725139,0.315371,0.056853
-0.725139,0.315371,0.056853
-0.725139,0.315371,0.056853
-0.725139,0.315371,0.056853
-0.725139,0.315371,0.056853
-0.382823,0.173078,-0.346574
0.402843,-0.118409,-0.441164
0.402843,-0.118409,-0.441164
0.402843,-0.118409,-0.441164
0.402843,-0.118409,-0.441164
0.402843,-0.118409,-0.441164
0.402843,-0.118409,-0.441164
0.402843,-0.118409,-0.441164
0.646754,0.033180,-0.229387
0.646754,0.033180,-0.229387
0.175572,0.187611,0.159356
0.175572,0.187611,0.159356
0.175572,0.187611,0.159356
0.175572,0.187611,0.159356
0.175572,0.187611,0.159356
0.175572,0.187611,0.159356
0.175572,0.187611,0.159356
0.175572,0.187611,0.159356
0.175572,0.187611,0.159356
0.175572,0.187611,0.159356
-0.661850,-0.473812,0.631173
-0.661850,-0.473812,0.631173
-0.661850,-0.473812,0.631173
-0.661850,-0.473812,0.631173
-0.661850,-0.473812,0.631173
-0.661850,-0.473812,0.631173
0.407106,0.457636,-0.135934
0.407106,0.457636,-0.135934
0.407106,0.457636,-0.135934
-0.685202,0.893449,-0.451415
-0.491501,1.273457,0.068393
-0.697992,1.252837,0.071120
-0.697992,1.252837,0.071120
-0.697992,1.252837,0.071120
-0.697992,1.252837,0.071120
0.406458,0.883523,-0.921207
0.406458,0.883523,-0.921207
0.406458,0.883523,-0.921207
-0.664922,-0.209509,-0.606370
-0.664922,-0.209509,-0.606370
0.419709,0.762687,0.313685
0.419709,0.762687,0.313685
0.419709,0.762687,0.313685
0.419709,0.762687,0.313685
-0.399844,0.697564,0.023816
-0.399844,0.697564,0.023816
-0.399844,0.697564,0.023816
-0.399844,0.697564,0.023816
0.025614,0.543930,1.033085
0.025614,0.543930,1.033085
-0.388851,0.615773,0.717712
-0.388851,0.615773,0.717712
-0.841797,-0.258287,0.461313
-0.841797,-0.258287,0.461313
-0.841797,-0.258287,0.461313
-0.841797,-0.258287,0.461313
-0.175724,-0.191573,1.116908
0.553955,-0.915747,0.883451
0.800017,0.144171,0.762011
0.965418,-0.818856,0.568541
0.965418,-0.818856,0.568541
0.965418,-0.818856,0.568541
0.465476,-1.235957,-0.544792
0.769494,-0.183732,-1.166250
-0.022896,0.317764,-0.436674
-0.022896,0.317764,-0.436674
0.563234,0.056800,0.563583
0.563234,0.056800,0.563583
0.563234,0.056800,0.563583
0.563234,0.056800,0.563583
0.853990,0.862559,0.142130
-0.103134,-0.245536,-0.078316
-0.103134,-0.245536,-0.078316
-0.103134,-0.245536,-0.078316
-0.103134,-0.245536,-0.078316
-0.103134,-0.245536,-0.078316
-0.103134,-0.245536,-0.078316
-0.103134,-0.245536,-0.078316
0.260975,0.293901,-0.274973
0.260975,0.293901,-0.274973
0.260975,0.293901,-0.274973
0.260975,0.293901,-0.274973
0.260975,0.293901,-0.274973
0.260975,0.293901,-0.274973
0.260975,0.293901,-0.274973
0.260975,0.293901,-0.274973
0.260975,0.293901,-0.274973
-0.551659,-0.539984,-0.218130
-0.551659,-0.539984,-0.218130
-0.205438,-0.951926,-0.630446
-0.967259,-1.030881,-1.258115
-0.967259,-1.030881,-1.258115
-1.039893,-0.006816,-1.375860
-1.039893,-0.006816,-1.375860
-1.039893,-0.006816,-1.375860
-1.039893,-0.006816,-1.375860
-1.039893,-0.006816,-1.375860
-0.665262,0.508272,-1.043456
-0.367625,0.614661,-1.530038
0.523814,0.337874,-1.574000
0.523814,0.337874,-1.574000
0.341691,-0.349454,-1.288207
1.015638,0.591511,-0.102209
1.120755,0.652139,0.245915
1.120755,0.652139,0.245915
1.120755,0.652139,0.245915
0.925946,-0.481523,0.769348
-0.061646,-1.140665,-0.010898
-0.770956,-1.059058,-1.036218
-1.058568,-0.894276,-0.181200
-1.058568,-0.894276,-0.181200
-1.058568,-0.894276,-0.181200
-1.268293,-0.295329,-0.038750
-1.268293,-0.295329,-0.038750
-1.268293,-0.295329,-0.038750
-0.851820,-0.241849,0.296013
-1.282642,0.491662,0.877253
-2.067365,0.027963,1.413553
-2.067365,0.027963,1.413553
-1.898235,0.669867,1.218246
-1.513750,0.593566,0.761716
-1.513750,0.593566,0.761716
-1.583756,-0.102246,0.933042
-1.583756,-0.102246,0.933042
-1.963309,-0.235014,0.752786
-0.813709,0.882361,1.382218
-0.668915,-0.194378,1.267341
-0.668915,-0.194378,1.267341
-0.668915,-0.194378,1.267341
-0.421493,0.116994,0.260442
-0.378822,0.900357,-0.819638
-0.034665,-0.012204,-0.009275
-0.034665,-0.012204,-0.009275
-0.034665,-0.012204,-0.009275
-0.034665,-0.012204,-0.009275
-0.034665,-0.012204,-0.009275
-0.034665,-0.012204,-0.009275
-0.034665,-0.012204,-0.009275
-0.034665,-0.012204,-0.009275
-0.034665,-0.012204,-0.009275
-0.034665,-0.012204,-0.009275
-0.034665,-0.012204,-0.009275
-0.034665,-0.012204,-0.009275
-0.034665,-0.012204,-0.009275
-0.034665,-0.012204,-0.009275
-0.034665,-0.012204,-0.009275
-0.034665,-0.012204,-0.009275
-0.034665,-0.012204,-0.009275
-0.034665,-0.012204,-0.009275
-0.034665,-0.012204,-0.009275
-0.034665,-0.012204,-0.009275
-0.034665,-0.012204,-0.009275
-0.034665,-0.012204,-0.009275
-0.034665,-0.012204,-0.009275
-0.034665,-0.012204,-0.009275
-0.034665,-0.012204,-0.009275
-0.034665,-0.012204,-0.009275
-0.034665,-0.012204,-0.009275
-0.034665,-0.012204,-0.009275
-0.034665,-0.012204,-0.009275
-0.034665,-0.012204,-0.009275
-0.034665,-0.012204,-0.009275
-0.034665,-0.012204,-0.009275
-0.034665,-0.012204,-0.009275
-0.034665,-0.012204,-0.009275
0.252956,-0.968739,0.141932
0.252956,-0.968739,0.141932
0.252956,-0.968739,0.141932
0.252956,-0.968739,0.141932
0.252956,-0.968739,0.141932
0.252956,-0.968739,0.141932
0.084403,0.057974,0.984180
0.736558,-0.766547,0.146948
0.736558,-0.766547,0.146948
0.736558,-0.766547,0.146948
0.736558,-0.766547,0.146948
0.736558,-0.766547,0.146948
0.260106,-0.319244,-0.255555
0.151062,0.611887,0.172955
0.151062,0.611887,0.172955
0.709215,0.393352,-0.445430
0.709215,0.393352,-0.445430
0.709215,0.393352,-0.445430
0.709215,0.393352,-0.445430
-0.047863,0.899486,-0.447623
-0.047863,0.899486,-0.447623
-0.047863,0.899486,-0.447623
-0.367168,-0.296212,-0.226777
-0.367168,-0.296212,-0.226777
-0.367168,-0.296212,-0.226777
-0.367168,-0.296212,-0.226777
-0.418923,-1.101264,-0.415643
0.671006,-0.327127,0.086964
0.671006,-0.327127,0.086964
0.571143,-0.547074,1.186153
0.571143,-0.547074,1.186153
0.571143,-0.547074,1.186153
0.290898,-0.586740,0.692341
0.290898,-0.586740,0.692341
-0.194048,0.056192,0.092902
-0.194048,0.056192,0.092902
-0.194048,0.056192,0.092902
-0.194048,0.056192,0.092902
-0.194048,0.056192,0.092902
-0.194048,0.056192,0.092902
-0.194048,0.056192,0.092902
-0.194048,0.056192,0.092902
-0.194048,0.056192,0.092902
-0.194048,0.056192,0.092902
-0.194048,0.056192,0.092902
-0.194048,0.056192,0.092902
-0.194048,0.056192,0.092902
-0.194048,0.056192,0.092902
-0.194048,0.056192,0.092902
-0.194048,0.056192,0.092902
-0.194048,0.056192,0.092902
-0.194048,0.056192,0.092902
-0.194048,0.056192,0.092902
-0.194048,0.056192,0.092902
-0.194048,0.056192,0.092902
-0.194048,0.056192,0.092902
-0.194048,0.056192,0.092902
0.141042,0.345865,0.255467
0.559221,-0.228654,-0.731080
0.559221,-0.228654,-0.731080
0.559221,-0.228654,-0.731080
0.559221,-0.228654,-0.731080
0.559221,-0.228654,-0.731080
1.696299,0.506933,0.466108
1.696299,0.506933,0.466108
2.145209,0.531411,0.879027
2.783571,0.885381,-0.110949
2.565596,1.603018,-1.032335
2.565596,1.603018,-1.032335
3.254504,0.873863,0.055435
3.254504,0.873863,0.055435
3.254504,0.873863,0.055435
2.594383,-0.111433,-0.522993
2.934482,1.040374,0.239459
3.871077,0.509050,0.995413
3.626636,-0.422672,1.560608
2.526437,0.038895,2.152847
3.641589,0.926564,2.151296
2.872848,0.206277,0.960644
3.556042,-0.647950,0.142876
2.923441,0.190024,-0.639087
2.816252,0.985569,0.117478
3.218999,1.605893,0.599034
2.341908,1.567758,-0.056380
2.089794,1.562671,-0.595861
1.302897,2.735295,-0.374028
1.302897,2.735295,-0.374028
2.256145,1.769311,-0.178340
2.256145,1.769311,-0.178340
2.587310,1.070374,-0.770705
2.155908,1.288701,-0.217535
1.038225,1.844654,-0.501934
0.243701,2.570767,-1.636035
0.581071,3.687276,-0.598237
0.846781,3.104866,-1.202322
1.021023,2.191026,-0.894913
1.021023,2.191026,-0.894913
1.432835,1.838771,-0.123298
0.294970,1.085161,0.028262
-0.256913,2.201054,0.709261
0.791503,1.252124,0.328249
0.791503,1.252124,0.328249
-0.075607,0.184525,1.245669
-0.597187,0.196020,0.840638
0.557143,0.824208,-0.089733
0.972513,0.140901,-0.254315
0.972513,0.140901,-0.254315
0.972513,0.140901,-0.254315
0.972513,0.140901,-0.254315
0.972513,0.140901,-0.254315
-0.135945,-0.598686,-0.725052
-0.135945,-0.598686,-0.725052
0.874924,0.111038,-0.961096
0.025410,1.254826,-1.162288
-0.764519,1.622120,-0.916247
-1.880600,0.574130,-0.971265
-1.584944,0.416502,-0.781651
-1.584944,0.416502,-0.781651
-1.584944,0.416502,-0.781651
-1.584944,0.416502,-0.781651
-0.413418,1.332304,-1.830726
-0.413418,1.332304,-1.830726
-1.182680,1.490806,-1.866609
-1.182680,1.490806,-1.866609
-2.031233,1.397371,-0.898173
-2.471847,1.053067,-0.553510
-1.477142,0.964724,-1.508509
-1.477142,0.964724,-1.508509
-1.477142,0.964724,-1.508509
-1.814424,0.382733,-1.767604
-2.242726,0.150264,-0.813602
-1.876465,-0.176569,-1.272658
-1.876465,-0.176569,-1.272658
-1.941538,-1.283525,-0.339610
-1.487208,-0.866914,0.270267
-1.007844,-0.002842,-0.181707
-1.007844,-0.002842,-0.181707
-0.774703,-0.157974,-0.434020
-0.774703,-0.157974,-0.434020
-0.774703,-0.157974,-0.434020
-0.774703,-0.157974,-0.434020
-0.774703,-0.157974,-0.434020
0.237764,-1.028853,-0.417496
0.013229,-1.404861,-0.402586
-0.558289,-2.568248,-0.486149
-0.653677,-2.770457,0.597043
-0.653677,-2.770457,0.597043
-0.653677,-2.770457,0.597043
-1.764592,-2.143092,0.180125
-2.057378,-1.615516,0.944186
-2.057378,-1.615516,0.944186
-0.929390,-0.561599,1.067064
-0.929390,-0.561599,1.067064
-0.929390,-0.561599,1.067064
-0.929390,-0.561599,1.067064
-0.929390,-0.561599,1.067064
-1.702802,0.235936,0.404228
-0.632339,0.534409,-0.392873
-0.632339,0.534409,-0.392873
-0.753417,1.244705,0.348666
-0.850208,0.353122,-0.238700
-1.309714,0.419793,-0.283921
-1.389485,-0.474937,0.309958
-1.932618,-1.091485,-0.456209
-1.932618,-1.091485,-0.456209
-1.932618,-1.091485,-0.456209
-1.932618,-1.091485,-0.456209
-1.932618,-1.091485,-0.456209
-2.544742,-0.734499,0.248870
-2.544742,-0.734499,0.248870
-2.929005,0.228908,-0.088416
-2.012249,-0.311529,-0.743053
-1.248667,-0.237687,-0.601789
-1.248667,-0.237687,-0.601789
-1.248667,-0.237687,-0.601789
-0.584681,-1.329283,-0.161613
-0.225403,-2.240457,0.718007
-0.225403,-2.240457,0.718007
0.049529,-1.822158,0.679022
0.049529,-1.822158,0.679022
-1.083943,-0.752045,0.677885
-1.083943,-0.752045,0.677885
-0.162872,0.079135,-0.484120
-0.162872,0.079135,-0.484120
-0.162872,0.079135,-0.484120
-0.162872,0.079135,-0.484120
-0.162872,0.079135,-0.484120
0.507704,0.661410,-1.436233
0.507704,0.661410,-1.436233
0.398022,1.702380,-0.455510
-0.471576,1.206364,0.459908
-0.471576,1.206364,0.459908
-0.471576,1.206364,0.459908
-0.766140,0.522571,0.590667
-0.766140,0.522571,0.590667
-0.766140,0.522571,0.590667
-0.357699,-0.398391,0.668377
-0.357699,-0.398391,0.668377
-0.357699,-0.398391,0.668377
-0.357699,-0.398391,0.668377
-0.357699,-0.398391,0.668377
0.527017,0.150881,0.770530
1.426881,0.253101,1.306471
0.737647,0.676440,1.689708
-0.131444,1.341169,1.391082
0.897939,0.893684,0.717983
1.111511,1.156793,1.196634
1.898871,1.251746,0.006521
1.301042,0.151207,1.089813
0.482840,-0.743779,1.766440
-0.399534,-0.813282,0.799805
-0.399534,-0.813282,0.799805
0.102266,-0.863362,-0.038012
0.567344,0.068294,0.219468
0.567344,0.068294,0.219468
0.567344,0.068294,0.219468
0.567344,0.068294,0.219468
0.552717,0.271940,0.691772
-0.217199,0.845471,0.788712
0.522737,-0.019712,0.165962
0.522737,-0.019712,0.165962
0.389304,-0.915476,-0.591610
0.389304,-0.915476,-0.591610
-0.627926,-0.033209,-1.188661
-1.070089,-0.966919,-0.876007
-0.114219,-0.010855,-1.145998
-0.114219,-0.010855,-1.145998
-0.114219,-0.010855,-1.145998
-0.114219,-0.010855,-1.145998
0.677648,0.302327,-0.255847
0.347968,-0.896268,0.181972
0.347968,-0.896268,0.181972
0.347968,-0.896268,0.181972
0.347968,-0.896268,0.181972
0.853180,0.114624,-0.008153
0.853180,0.114624,-0.008153
-0.106240,-0.327617,-0.104809
-0.106240,-0.327617,-0.104809
-0.089687,0.617365,0.134494
0.654804,0.770471,-0.219076
-0.123027,1.205262,0.210880
-0.123027,1.205262,0.210880
-0.806584,1.898437,-0.888252
-0.252289,1.031936,-1.225229
0.625529,0.062165,-0.697292
-0.548790,0.274844,-0.029224
-1.346391,1.106751,0.560976
-1.346391,1.106751,0.560976
-1.346391,1.106751,0.560976
-0.892233,0.841491,0.071286
-0.892233,0.841491,0.071286
0.194838,1.506850,-0.423344
0.345636,1.096850,-1.361575
0.582507,1.233686,-0.325248
0.949368,0.917792,0.437824
0.949368,0.917792,0.437824
1.099981,1.162971,0.645747
1.099981,1.162971,0.645747
-0.088207,1.018465,0.189493
0.227140,0.794316,1.368395
0.189967,0.696281,1.636658
0.189967,0.696281,1.636658
0.189967,0.696281,1.636658
0.099374,0.993001,1.757308
1.200732,1.536018,2.076780
1.049474,1.425422,2.607220
2.194206,2.022152,1.933567
1.609366,1.823434,0.945170
1.425042,0.917948,1.498251
1.425042,0.917948,1.498251
1.425042,0.917948,1.498251
1.425042,0.917948,1.498251
0.392818,0.955281,0.713880
-0.061865,0.262781,0.040498
-0.061865,0.262781,0.040498
0.161085,-0.625015,0.567643
0.161085,-0.625015,0.567643
0.161085,-0.625015,0.567643
0.299410,-0.593287,-0.041238
0.299410,-0.593287,-0.041238
0.299410,-0.593287,-0.041238
0.299410,-0.593287,-0.041238
0.340569,0.292911,-0.763373
1.189474,0.417578,-1.000011
0.980285,1.069236,-2.098620
0.980285,1.069236,-2.098620
1.619895,0.536853,-1.264906
1.785833,-0.295685,-0.655121
1.456580,0.221525,0.226469
1.374278,-0.578338,0.505630
2.202875,-0.156955,0.387057
2.202875,-0.156955,0.387057
2.393925,-0.817697,-0.204096
1.314875,0.255826,-0.221078
1.314875,0.255826,-0.221078
1.314875,0.255826,-0.221078
1.314875,0.255826,-0.221078
0.694602,1.278774,0.091400
0.694602,1.278774,0.091400
0.196760,0.669981,0.479815
0.196760,0.669981,0.479815
-0.595101,1.730536,1.337489
-0.731088,2.834311,1.273891
-1.189677,2.155244,1.714722
-1.189677,2.155244,1.714722
-1.189677,2.155244,1.714722
-0.156237,2.906511,2.378375
-0.452011,2.548831,3.279919
-0.452011,2.548831,3.279919
-0.452011,2.548831,3.279919
-0.452011,2.548831,3.279919
-1.360230,2.344213,4.286130
-0.519510,1.994242,4.618238
-0.519510,1.994242,4.618238
-0.519510,1.994242,4.618238
0.581140,2.809838,3.752149
0.847547,3.109761,2.793205
0.847547,3.109761,2.793205
0.177722,3.685838,2.739474
0.286035,3.621676,2.094397
-0.098683,2.773147,1.466234
-0.098683,2.773147,1.466234
-1.043145,1.920965,1.438391
-1.043145,1.920965,1.438391
-1.043145,1.920965,1.438391
-1.414106,1.703026,2.601645
-2.337397,1.497689,3.120319
-1.433996,0.632790,2.951491
-1.094436,-0.136120,3.015796
-1.094436,-0.136120,3.015796
-1.377637,0.342649,3.230668
-1.927949,-0.251340,2.582539
-2.051818,-0.626118,2.614839
-2.051818,-0.626118,2.614839
-2.051818,-0.626118,2.614839
-2.844840,0.258994,3.610077
-3.557970,0.459296,2.644867
-3.557970,0.459296,2.644867
-2.673500,0.962502,1.455079
-2.720595,1.049768,2.483104
-2.054996,1.636198,1.696076
-2.814870,0.535151,1.337634
-3.195099,1.542991,0.413835
-2.186447,2.394830,0.331332
-1.497915,1.440251,1.212878
-0.514709,0.497215,0.976337
0.622798,1.229881,0.808218
-0.202828,1.972470,0.915658
-0.965047,1.777578,0.061714
-0.965047,1.777578,0.061714
-1.639157,2.009727,1.022329
-1.639157,2.009727,1.022329
-2.115410,2.173106,0.433364
-2.471863,3.018416,-0.136332
-1.412641,3.878419,0.317630
-1.412641,3.878419,0.317630
-2.158048,2.719343,-0.499161
-2.436903,2.563910,-0.453774
-1.952979,1.806096,-0.984193
-1.564460,1.984339,-1.957715
-2.026187,0.912486,-2.015446
-2.026187,0.912486,-2.015446
-1.998863,0.103810,-1.066290
-1.998863,0.103810,-1.066290
-1.998863,0.103810,-1.066290
-2.602933,1.249013,-0.893448
-2.602933,1.249013,-0.893448
-2.102525,1.086245,-0.478321
-2.102525,1.086245,-0.478321
-2.102525,1.086245,-0.478321
-2.102525,1.086245,-0.478321
-1.747019,0.804449,-0.227253
-1.747019,0.804449,-0.227253
-1.747019,0.804449,-0.227253
-1.420096,0.237851,0.520419
-1.420096,0.237851,0.520419
-1.763442,-0.726992,-0.040041
-1.321556,-0.602963,0.860988
-1.321556,-0.602963,0.860988
-1.321556,-0.602963,0.860988
-1.547020,0.216283,-0.194421
-0.416981,1.145731,-0.729226
0.190664,0.820133,-0.148501
0.190664,0.820133,-0.148501
0.190664,0.820133,-0.148501
0.190664,0.820133,-0.148501
0.190664,0.820133,-0.148501
0.190664,0.820133,-0.148501
1.064866,1.589624,-0.536463
1.423335,0.514257,0.030449
1.423335,0.514257,0.030449
1.423335,0.514257,0.030449
0.578639,-0.015332,-1.075096
0.271550,-0.428864,-1.035344
1.099404,0.510568,-0.301236
1.116116,-0.624904,-1.061826
0.136877,-0.004377,-2.039695
-0.846732,-0.060548,-2.551415
-0.846732,-0.060548,-2.551415
-0.846732,-0.060548,-2.551415
-1.973120,-0.309213,-2.063351
-0.964133,-1.294269,-3.194134
-0.799169,-0.173529,-2.954391
-0.799169,-0.173529,-2.954391
0.175145,0.142211,-2.383610
0.516866,0.358435,-1.468363
-0.214939,0.659817,-0.619492
0.911969,0.931384,-0.242091
0.181960,0.816812,0.797542
0.181960,0.816812,0.797542
0.369532,0.175204,0.446042
0.369532,0.175204,0.446042
0.369532,0.175204,0.446042
0.457457,0.914373,-0.715726
0.457457,0.914373,-0.715726
-0.096437,1.242823,0.261774
-0.096437,1.242823,0.261774
-0.096437,1.242823,0.261774
0.136204,2.031562,-0.764277
0.136204,2.031562,-0.764277
0.032754,2.737314,-1.287501
0.808541,1.957627,-2.395934
1.589539,1.542911,-1.710417
1.589539,1.542911,-1.710417
0.475723,1.272252,-2.519601
1.226467,1.973627,-1.547280
1.226467,1.973627,-1.547280
0.069825,1.621206,-1.580220
0.069825,1.621206,-1.580220
-0.737196,2.815007,-0.385764
-0.045684,2.253026,-1.300281
0.872436,2.519832,-0.156145
0.872436,2.519832,-0.156145
0.913582,2.432022,-0.482412
0.254490,2.282001,-0.781200
-0.854139,1.998180,-1.729856
-0.854139,1.998180,-1.729856
-0.999620,1.312527,-1.833803
-0.999620,1.312527,-1.833803
-0.128098,0.848398,-2.421687
-0.078621,-0.128040,-2.590279
-0.055518,-0.254553,-2.276777
0.134654,-0.078242,-1.599571
0.134654,-0.078242,-1.599571
0.134654,-0.078242,-1.599571
0.134654,-0.078242,-1.599571
-0.504432,-0.397208,-0.630477
0.061042,-0.445983,0.070001
0.359601,0.086737,0.583451
0.359601,0.086737,0.583451
0.359601,0.086737,0.583451
0.359601,0.086737,0.583451
0.421172,0.358957,-0.422554
-0.215443,0.092341,-1.192621
-0.215443,0.092341,-1.192621
0.295929,0.396636,-1.416158
0.169436,0.611674,-1.135902
0.201392,1.647236,-0.239764
0.201392,1.647236,-0.239764
0.201392,1.647236,-0.239764
0.049646,1.707531,-0.776379
-0.767939,0.816525,0.131165
-0.767939,0.816525,0.131165
-0.471602,0.240512,-0.158709
-0.471602,0.240512,-0.158709
-0.471602,0.240512,-0.158709
-0.471602,0.240512,-0.158709
0.051088,-0.177678,0.841304
1.125832,-0.029202,0.320442
1.125832,-0.029202,0.320442
0.217599,-0.270257,0.161478
0.217599,-0.270257,0.161478
0.217599,-0.270257,0.161478
0.217599,-0.270257,0.161478
0.217599,-0.270257,0.161478
0.217599,-0.270257,0.161478
0.275664,0.101877,0.395656
0.275664,0.101877,0.395656
-0.525558,-0.775519,0.016881
-0.525558,-0.775519,0.016881
-0.525558,-0.775519,0.016881
-0.525558,-0.775519,0.016881
-0.525558,-0.775519,0.016881
-0.525558,-0.775519,0.016881
-0.525558,-0.775519,0.016881
-0.525558,-0.775519,0.016881
0.118400,-1.620723,0.964509
-0.128714,-0.479127,1.546386
0.214814,0.302657,0.823167
1.044561,-0.731060,-0.218427
1.044561,-0.731060,-0.218427
0.210993,-1.486115,-0.172320
0.210993,-1.486115,-0.172320
-0.346681,-0.545283,0.030421
-0.346681,-0.545283,0.030421
-0.346681,-0.545283,0.030421
-0.346681,-0.545283,0.030421
-0.346681,-0.545283,0.030421
-0.346681,-0.545283,0.030421
0.740019,0.363720,-0.419791
0.740019,0.363720,-0.419791
0.740019,0.363720,-0.419791
1.558076,0.571686,0.148248
1.393303,0.555071,0.733267
1.393303,0.555071,0.733267
1.839095,0.775971,0.980847
1.839095,0.775971,0.980847
2.109767,1.620526,-0.038199
2.929698,1.350918,-0.250844
2.929698,1.350918,-0.250844
2.929698,1.350918,-0.250844
2.513558,0.522543,-0.561295
1.772436,0.503548,-1.372880
1.772436,0.503548,-1.372880
1.772436,0.503548,-1.372880
2.498051,0.295027,-0.340806
1.543255,1.259719,-0.595987
0.729152,0.674866,0.169434
0.919902,-0.103256,-0.018162
0.432976,0.094182,-1.076063
0.997847,-0.707996,-1.566468
0.200920,0.015863,-2.562164
1.076704,-0.929132,-3.142171
0.060962,-0.795519,-3.127779
0.599256,-1.870903,-2.226196
0.117170,-2.951645,-2.063505
0.489674,-1.754210,-1.623746
0.597429,-2.124619,-2.107919
0.597429,-2.124619,-2.107919
0.409746,-1.408846,-2.781294
0.409746,-1.408846,-2.781294
-0.156288,-1.699838,-2.909062
-1.238931,-1.342764,-2.762504
-1.238931,-1.342764,-2.762504
-0.929501,-0.734262,-1.616481
-0.552452,-0.912157,-1.220263
-1.751753,-1.518470,-1.229345
-1.751753,-1.518470,-1.229345
-1.751753,-1.518470,-1.229345
-1.736118,-1.178547,-0.666231
-1.880118,-1.862493,0.223530
-1.880118,-1.862493,0.223530
-2.344121,-1.695788,-0.915487
-1.332555,-1.481538,-0.641047
-1.332555,-1.481538,-0.641047
-1.332555,-1.481538,-0.641047
-0.539483,-2.430635,-1.743404
0.069314,-1.583593,-1.551730
-0.584605,-2.288307,-0.365360
0.164155,-1.825636,-0.976409
0.164155,-1.825636,-0.976409
0.164155,-1.825636,-0.976409
1.011139,-0.747387,-0.619667
-0.047863,-0.012442,0.490390
-0.153474,-0.216758,-0.316108
-0.153474,-0.216758,-0.316108
-0.153474,-0.216758,-0.316108
-0.153474,-0.216758,-0.316108
-0.153474,-0.216758,-0.316108
-0.153474,-0.216758,-0.316108
-0.153474,-0.216758,-0.316108
-0.153474,-0.216758,-0.316108
-0.153474,-0.216758,-0.316108
-0.323797,-0.383821,-0.473858
-0.323797,-0.383821,-0.473858
-0.260260,0.120516,0.306318
0.110000,1.034865,0.949921
-0.760977,-0.113617,-0.058453
-0.760977,-0.113617,-0.058453
0.072749,0.172864,0.529429
-0.893645,0.217307,-0.405258
-0.521135,-0.162475,-0.576372
-0.974455,0.147040,0.159676
-1.564977,0.249240,-0.902322
-0.506785,0.617413,-0.384844
-0.506785,0.617413,-0.384844
-0.506785,0.617413,-0.384844
-0.506785,0.617413,-0.384844
-0.506785,0.617413,-0.384844
-0.506785,0.617413,-0.384844
0.498812,-0.178831,-0.244281
0.498812,-0.178831,-0.244281
0.498812,-0.178831,-0.244281
0.338471,-0.145422,-0.856163
-0.050398,-1.229347,-0.339431
-0.050398,-1.229347,-0.339431
-0.050398,-1.229347,-0.339431
-0.050398,-1.229347,-0.339431
-0.050398,-1.229347,-0.339431
-0.152481,-1.146163,0.448004
0.704967,-0.389815,-0.628246
0.322263,-1.005340,0.313503
0.322263,-1.005340,0.313503
0.933969,-0.336433,-0.141040
0.933969,-0.336433,-0.141040
-0.006037,0.858426,-0.587412
0.551210,0.925086,-0.316894
0.551210,0.925086,-0.316894
-0.045453,0.108406,0.632981
-0.554852,-0.089433,0.698267
0.239965,-0.817153,-0.279724
-0.329126,-1.093693,-0.606924
0.324171,-0.210196,0.256022
0.324171,-0.210196,0.256022
0.324171,-0.210196,0.256022
0.324171,-0.210196,0.256022
0.506803,-0.081493,0.099379
0.506803,-0.081493,0.099379
0.506803,-0.081493,0.099379
0.177687,-0.215964,-0.941591
-0.169950,0.307137,-1.079976
-0.185388,-0.249407,0.035086
-0.112531,0.204579,-0.854597
-0.112531,0.204579,-0.854597
-0.112531,0.204579,-0.854597
-0.112531,0.204579,-0.854597
-0.112531,0.204579,-0.854597
0.111684,-0.550617,-0.055122
0.111684,-0.550617,-0.055122
1.218655,-0.631856,0.629092
2.188561,0.310869,0.156626
1.339606,0.116774,0.436340
1.339606,0.116774,0.436340
0.174513,-0.415985,-0.382315
0.174513,-0.415985,-0.382315
0.174513,-0.415985,-0.382315
0.174513,-0.415985,-0.382315
0.174513,-0.415985,-0.382315
0.275722,-0.259903,-1.041980
0.275722,-0.259903,-1.041980
-0.032258,0.573666,-1.238787
-1.058625,-0.598546,-0.874902
-1.183150,-0.143241,-1.467676
-1.251288,-0.436884,-1.206973
-0.568662,-0.723368,-0.781341
-0.568662,-0.723368,-0.781341
-0.568662,-0.723368,-0.781341
-0.568662,-0.723368,-0.781341
-0.568662,-0.723368,-0.781341
-0.735013,-1.498994,-0.291505
-0.735013,-1.498994,-0.291505
0.381017,-1.229767,-1.245530
-0.578610,-0.719178,-1.119399
-0.660064,0.181492,-1.904344
-0.933384,1.249214,-1.014867
-2.025291,0.820593,-0.115939
-2.025291,0.820593,-0.115939
-0.845364,0.842333,0.223580
-0.845364,0.842333,0.223580
-0.377483,0.165100,0.827571
-0.377483,0.165100,0.827571
-0.377483,0.165100,0.827571
-0.377483,0.165100,0.827571
-0.377483,0.165100,0.827571
-0.795874,-0.471088,0.960983
-1.659434,-0.767922,1.640369
-0.931883,-0.555798,0.686888
-0.931883,-0.555798,0.686888
-0.246520,-0.049176,0.949529
-0.979721,-0.418426,1.544661
-0.979721,-0.418426,1.544661
-0.766548,-1.216974,1.059988
-1.633306,-0.664888,-0.099633
-1.175623,-0.194897,0.550641
-1.066682,-0.158311,0.872073
-0.952531,-1.245317,0.038326
-0.952531,-1.245317,0.038326
-0.952531,-1.245317,0.038326
-0.367761,-1.015423,0.097035
0.660315,-0.721685,1.063905
0.660315,-0.721685,1.063905
-0.415350,-0.259163,1.379888
-0.415350,-0.259163,1.379888
-1.329022,0.789053,0.501674
-1.329022,0.789053,0.501674
-1.329022,0.789053,0.501674
-0.246618,0.213883,1.186041
0.238586,0.513179,0.971787
0.238586,0.513179,0.971787
0.238586,0.513179,0.971787
0.238586,0.513179,0.971787
0.238586,0.513179,0.971787
0.150100,1.682418,-0.135933
0.150100,1.682418,-0.135933
0.150100,1.682418,-0.135933
-0.432035,1.543982,0.088879
-0.432035,1.543982,0.088879
-0.737526,1.497838,0.388415
-0.256651,1.953174,0.100540
-0.256651,1.953174,0.100540
-0.256651,1.953174,0.100540
0.516897,1.381185,0.467290
0.516897,1.381185,0.467290
-0.119205,0.220493,-0.524601
-0.119205,0.220493,-0.524601
-0.537286,0.194781,-0.079357
-0.230476,0.509139,0.898233
0.853104,0.000410,1.139345
0.853104,0.000410,1.139345
0.853104,0.000410,1.139345
0.659569,-0.448074,1.437615
1.254541,0.088083,1.017629
0.546070,1.061033,-0.044507
0.007095,1.001003,0.918729
0.007095,1.001003,0.918729
-0.207914,0.828888,0.783431
-1.211065,0.167567,0.473087
-0.385793,-0.973175,0.488651
0.495855,-2.058385,-0.028032
1.474842,-1.029508,0.008980
1.474842,-1.029508,0.008980
1.076547,-0.518660,0.985585
1.076547,-0.518660,0.985585
1.076547,-0.518660,0.985585
1.076547,-0.518660,0.985585
0.157576,-0.600963,1.623745
-0.092434,-0.674823,2.010677
-0.092434,-0.674823,2.010677
0.521003,-1.018923,1.300888
-0.130951,-1.925148,0.134447
-0.105423,-1.319901,-0.118581
-0.198080,-1.174894,0.791191
-0.862406,-1.458051,-0.094909
-0.862406,-1.458051,-0.094909
-0.862406,-1.458051,-0.094909
-0.581060,-0.734190,0.592532
-0.581060,-0.734190,0.592532
-0.605129,0.433351,1.102487
-0.552837,0.810183,1.530374
-0.901834,-0.082166,0.498326
-0.901834,-0.082166,0.498326
0.265081,0.471654,-0.502439
-0.016630,1.086465,-1.283430
-0.016630,1.086465,-1.283430
0.422800,0.202059,-1.662538
1.108094,0.854405,-0.680508
1.108094,0.854405,-0.680508
0.539792,1.137200,-0.168200
0.539792,1.137200,-0.168200
0.890008,1.007552,-1.041071
0.890008,1.007552,-1.041071
0.890008,1.007552,-1.041071
-0.001300,0.597694,-1.519844
-0.001300,0.597694,-1.519844
-0.680483,0.431556,-1.403504
-0.479855,1.100708,-0.798476
-0.479855,1.100708,-0.798476
-0.479855,1.100708,-0.798476
0.429857,0.865452,-0.009225
0.429857,0.865452,-0.009225
0.429857,0.865452,-0.009225
0.429857,0.865452,-0.009225
0.279482,1.424824,-0.889683
0.649840,1.257151,-0.850347
0.649840,1.257151,-0.850347
0.555986,0.592318,-0.490883
0.555986,0.592318,-0.490883
0.300974,-0.428088,0.258201
0.300974,-0.428088,0.258201
0.300974,-0.428088,0.258201
0.300974,-0.428088,0.258201
0.300974,-0.428088,0.258201
0.300974,-0.428088,0.258201
0.300974,-0.428088,0.258201
0.300974,-0.428088,0.258201
0.459247,-0.667920,1.001344
1.004773,-0.366420,1.131352
1.004773,-0.366420,1.131352
0.937246,0.255725,1.273027
0.776761,0.089945,1.854383
0.776761,0.089945,1.854383
0.323456,-0.528751,0.917010
0.633930,-0.268410,0.471880
0.633930,-0.268410,0.471880
0.633930,-0.268410,0.471880
0.633930,-0.268410,0.471880
-0.360787,-0.229710,1.108846
0.306033,0.432186,1.642055
0.306033,0.432186,1.642055
0.026886,0.439031,0.536846
0.026886,0.439031,0.536846
0.140815,-0.205019,0.140071
0.140815,-0.205019,0.140071
-0.103255,-0.522420,-0.099201
0.663230,-0.142585,-0.173693
0.663230,-0.142585,-0.173693
0.663230,-0.142585,-0.173693
0.663230,-0.142585,-0.173693
-0.147008,0.408967,-0.681346
-0.147008,0.408967,-0.681346
0.582525,0.596321,-0.671714
0.582525,0.596321,-0.671714
0.582525,0.596321,-0.671714
0.582525,0.596321,-0.671714
0.582525,0.596321,-0.671714
0.582525,0.596321,-0.671714
-0.529986,-0.208158,-0.970651
-0.064351,0.938131,0.195848
-0.064351,0.938131,0.195848
-0.603822,-0.188870,-0.642378
-1.004280,0.385469,-0.345397
-0.414541,0.408257,-0.224525
-0.414541,0.408257,-0.224525
-0.414541,0.408257,-0.224525
-0.414541,0.408257,-0.224525
-0.414541,0.408257,-0.224525
0.432530,-0.061319,-0.963117
1.345262,0.524381,-1.661156
2.346719,-0.066275,-1.602005
2.346719,-0.066275,-1.602005
2.346719,-0.066275,-1.602005
2.805029,-0.959007,-1.850855
2.805029,-0.959007,-1.850855
2.406201,-1.520278,-1.604579
2.406201,-1.520278,-1.604579
1.224952,-2.463980,-0.981323
1.224952,-2.463980,-0.981323
1.374027,-1.407965,0.213192
1.374027,-1.407965,0.213192
1.353815,-0.574076,0.722504
1.353815,-0.574076,0.722504
1.353815,-0.574076,0.722504
1.353815,-0.574076,0.722504
0.185060,0.193389,0.359577
0.395090,-0.812313,0.222535
0.395090,-0.812313,0.222535
0.395090,-0.812313,0.222535
0.395090,-0.812313,0.222535
0.395090,-0.812313,0.222535
0.207537,-0.114370,-0.083039
0.207537,-0.114370,-0.083039
1.150378,0.352261,0.208703
0.039721,1.323245,0.034095
0.039721,1.323245,0.034095
-0.457307,0.815285,0.608698
-0.457307,0.815285,0.608698
-0.457307,0.815285,0.608698
-0.457307,0.815285,0.608698
-0.457307,0.815285,0.608698
-0.457307,0.815285,0.608698
-0.457307,0.815285,0.608698
0.224885,0.663542,1.448871
0.700403,-0.413717,1.744586
0.700403,-0.413717,1.744586
-0.165201,0.195583,1.912425
-0.165201,0.195583,1.912425
-0.236221,1.284757,1.183968
-0.063866,1.352981,0.302145
0.116681,0.555318,0.986550
0.345424,0.573539,0.880942
-0.252365,0.096502,1.644422
-0.252365,0.096502,1.644422
-0.294286,-0.632708,0.480012
-0.294286,-0.632708,0.480012
-0.294286,-0.632708,0.480012
0.229094,0.531750,0.761647
0.848625,-0.259452,0.805296
0.098782,0.705438,1.669266
0.098782,0.705438,1.669266
0.962345,-0.314759,1.665380
0.891375,0.853502,0.895829
0.028717,1.186704,1.046107
-0.714342,0.570169,0.219707
-0.967204,-0.574394,0.450700
-0.432756,-1.073027,-0.167119
-0.432756,-1.073027,-0.167119
-1.281790,-0.483002,-0.814885
-1.281790,-0.483002,-0.814885
-1.281790,-0.483002,-0.814885
-1.281790,-0.483002,-0.814885
-1.281790,-0.483002,-0.814885
-1.281790,-0.483002,-0.814885
-1.233083,0.024464,-0.949176
-1.330299,0.100746,-0.394364
-1.330299,0.100746,-0.394364
-0.831368,-0.811958,-0.673248
-0.831368,-0.811958,-0.673248
-0.831368,-0.811958,-0.673248
-1.389982,-1.365638,-0.514934
-1.753758,-1.639438,-0.571491
-1.753758,-1.639438,-0.571491
-2.794958,-1.470786,0.283140
-2.100095,-1.221035,0.356713
-1.925377,-0.639092,-0.772126
-1.868175,-1.039004,-0.349343
-1.868175,-1.039004,-0.349343
-1.600519,-1.718356,0.507276
-1.904018,-1.607774,0.106186
-2.563262,-1.598219,-0.091540
-1.728809,-1.589620,-1.020762
-1.728809,-1.589620,-1.020762
-1.523608,-1.692195,-0.158778
-1.193271,-1.732593,1.008187
-2.261081,-0.903474,0.810000
-2.261081,-0.903474,0.810000
-1.722562,0.291544,1.637769
-2.073040,0.722430,1.253153
-1.321138,0.522265,0.911424
-0.192309,1.211421,0.515816
0.589258,1.208900,0.338230
0.589258,1.208900,0.338230
1.510374,0.533720,-0.079548
0.619770,0.776704,0.240246
0.545277,1.087210,0.431699
0.611776,1.851682,0.029585
1.721061,2.257443,-1.093011
1.770493,1.213477,-1.179560
1.342303,1.982989,-0.680037
1.342303,1.982989,-0.680037
1.828674,1.358693,0.375143
1.828674,1.358693,0.375143
1.121056,0.980494,0.089970
1.121056,0.980494,0.089970
1.121056,0.980494,0.089970
1.121056,0.980494,0.089970
1.121056,0.980494,0.089970
1.121056,0.980494,0.089970
1.137704,-0.010545,-0.192135
1.137704,-0.010545,-0.192135
1.137704,-0.010545,-0.192135
1.137704,-0.010545,-0.192135
1.137704,-0.010545,-0.192135
1.089782,0.347304,0.600661
0.993532,-0.646761,1.621776
0.865439,-0.110981,2.524993
0.753960,-0.142968,1.681441
0.753960,-0.142968,1.681441
0.753960,-0.142968,1.681441
0.753960,-0.142968,1.681441
0.753960,-0.142968,1.681441
0.333199,0.493108,0.495969
0.333199,0.493108,0.495969
0.333199,0.493108,0.495969
0.333199,0.493108,0.495969
0.738277,-0.640518,0.582186
0.738277,-0.640518,0.582186
1.682277,-1.085322,0.156918
0.983247,-1.537190,0.182361
0.817776,-0.453908,1.367226
-0.085411,-0.889720,1.598427
-0.085411,-0.889720,1.598427
-0.784485,0.022647,1.894479
-0.784485,0.022647,1.894479
-0.921422,-0.292407,1.320013
-0.921422,-0.292407,1.320013
-1.076210,-0.456651,0.587900
-1.076210,-0.456651,0.587900
-0.895152,0.049636,1.303549
-0.895152,0.049636,1.303549
-0.895152,0.049636,1.303549
-0.895152,0.049636,1.303549
-1.404761,-0.738100,0.468617
-1.185674,-0.734784,0.207393
-1.388487,-0.874462,0.389603
-0.544771,-1.196979,-0.638744
0.047145,-0.705513,-0.731026
0.047145,-0.705513,-0.731026
0.047145,-0.705513,-0.731026
0.047145,-0.705513,-0.731026
-0.082479,0.069903,-0.400888
-0.647430,-0.948677,-1.353655
-0.289721,-0.529631,-0.967066
-0.551736,-0.103778,0.078704
-0.880468,0.504124,0.179956
-0.782281,0.054725,1.015146
-0.686810,-0.710952,1.838718
0.225479,0.238736,1.193810
0.225479,0.238736,1.193810
-0.156816,-0.671657,1.082235
-0.156316,-0.375794,0.752885
0.873030,-0.121384,-0.159367
0.873030,-0.121384,-0.159367
0.155964,-0.772566,-0.632464
0.155964,-0.772566,-0.632464
0.962611,-1.097056,0.467939
0.962611,-1.097056,0.467939
0.962611,-1.097056,0.467939
0.962611,-1.097056,0.467939
1.037739,-0.725322,1.453974
0.449622,0.262038,0.621202
1.131685,-0.033978,-0.505543
1.241680,0.623993,-0.148761
0.917410,-0.263719,0.203812
0.917410,-0.263719,0.203812
-0.114446,0.911565,0.223092
-0.114446,0.911565,0.223092
-0.114446,0.911565,0.223092
-0.114446,0.911565,0.223092
-0.114446,0.911565,0.223092
-0.114446,0.911565,0.223092
0.961488,0.378990,-0.633232
0.961488,0.378990,-0.633232
0.961488,0.378990,-0.633232
0.961488,0.378990,-0.633232
-0.075875,-0.591175,-0.024645
0.533425,0.157105,0.014430
0.257339,0.003529,0.373720
0.257339,0.003529,0.373720
0.257339,0.003529,0.373720
0.257339,0.003529,0.373720
-0.937028,-0.025050,-0.028141
-0.523628,0.686688,0.206134
-0.523628,0.686688,0.206134
-0.523628,0.686688,0.206134
-0.523628,0.686688,0.206134
0.458357,1.092423,0.181234
0.458357,1.092423,0.181234
1.065565,-0.081698,0.086228
1.065565,-0.081698,0.086228
1.181733,0.839147,-1.075000
0.948589,0.356072,-1.147935
0.948589,0.356072,-1.147935
1.698342,1.494017,-1.775400
1.698342,1.494017,-1.775400
1.698342,1.494017,-1.775400
1.698342,1.494017,-1.775400
1.698342,1.494017,-1.775400
1.698342,1.494017,-1.775400
1.698342,1.494017,-1.775400
2.590672,0.363012,-0.623714
2.590672,0.363012,-0.623714
1.791205,-0.045198,0.215865
1.791205,-0.045198,0.215865
1.791205,-0.045198,0.215865
1.239437,0.327594,-0.253294
1.239437,0.327594,-0.253294
1.239437,0.327594,-0.253294
1.239437,0.327594,-0.253294
1.239437,0.327594,-0.253294
0.569740,0.158254,-1.085649
0.569740,0.158254,-1.085649
0.569740,0.158254,-1.085649
0.569740,0.158254,-1.085649
-0.124498,-0.338706,-1.344692
-0.124498,-0.338706,-1.344692
1.066311,-0.264178,-1.478606
1.066311,-0.264178,-1.478606
1.055290,-0.740362,-1.061332
-0.110866,-0.113902,-0.246824
-0.110866,-0.113902,-0.246824
-0.110866,-0.113902,-0.246824
-0.110866,-0.113902,-0.246824
-0.110866,-0.113902,-0.246824
-0.110866,-0.113902,-0.246824
-0.994218,-0.947444,0.028353
-0.516773,-0.674920,1.062480
0.575680,0.169646,1.578910
-0.114052,-0.582102,0.969988
-0.168976,0.567944,0.254975
0.398596,1.574650,1.032114
0.398596,1.574650,1.032114
0.398596,1.574650,1.032114
0.398596,1.574650,1.032114
-0.300494,1.671105,-0.067069
-0.407149,1.125876,0.946515
-0.818705,1.309571,0.207086
-0.818705,1.309571,0.207086
-0.711872,2.053127,-0.196061
-0.495564,1.784710,-0.265938
0.647544,1.169530,0.261017
0.647544,1.169530,0.261017
0.188027,1.803949,0.608238
0.188027,1.803949,0.608238
-0.795179,1.918249,0.920852
-0.795179,1.918249,0.920852
-0.795179,1.918249,0.920852
-0.862795,1.251012,1.532646
-0.862795,1.251012,1.532646
-0.862795,1.251012,1.532646
0.189923,1.367453,1.925080
0.078599,1.260881,2.067660
-0.906524,0.809831,1.558271
-1.609485,0.866892,1.830438
-1.609485,0.866892,1.830438
-1.609485,0.866892,1.830438
-1.609485,0.866892,1.830438
-1.609485,0.866892,1.830438
-1.609485,0.866892,1.830438
-0.983078,-0.293547,2.245946
-0.983078,-0.293547,2.245946
-1.474745,0.312924,1.192679
-1.474745,0.312924,1.192679
-1.509904,-0.757783,0.625189
-1.540416,-0.500503,0.177438
-1.774143,-0.348405,0.770733
-1.628716,0.748505,0.567318
-1.628716,0.748505,0.567318
-1.628716,0.748505,0.567318
-0.844858,0.972663,0.345582
-0.844858,0.972663,0.345582
-1.356097,0.164301,0.410350
-2.329657,1.067931,-0.696607
-1.837324,0.114340,-0.737707
-1.281427,-0.612585,-1.692247
-0.351455,-0.484813,-2.154479
-0.612534,-1.078250,-1.892850
-0.612534,-1.078250,-1.892850
-0.571860,-0.219502,-1.645894
-0.709380,0.498989,-1.486864
-1.455385,0.341233,-0.592131
-0.317063,-0.699294,-0.827701
-0.317063,-0.699294,-0.827701
-0.317063,-0.699294,-0.827701
-0.317063,-0.699294,-0.827701
-0.084629,-0.304272,-0.482254
-0.084629,-0.304272,-0.482254
-0.084629,-0.304272,-0.482254
-0.207459,0.493417,0.309721
-0.058343,-0.188365,0.576809
-0.058343,-0.188365,0.576809
-0.058343,-0.188365,0.576809
0.307126,0.781035,1.187412
0.307126,0.781035,1.187412
0.307126,0.781035,1.187412
0.366200,1.531593,0.239518
0.471684,1.518773,-0.200575
0.279512,0.572590,-0.376227
0.279512,0.572590,-0.376227
0.279512,0.572590,-0.376227
0.507516,0.457130,0.400917
0.507516,0.457130,0.400917
0.404597,1.537562,0.983451
-0.399752,0.597064,1.024899
-0.399752,0.597064,1.024899
-0.692885,0.554806,-0.161111
-0.692885,0.554806,-0.161111
-0.692885,0.554806,-0.161111
-0.692885,0.554806,-0.161111
-0.692885,0.554806,-0.161111
-0.692885,0.554806,-0.161111
-0.328990,0.784415,0.668204
0.518403,0.822320,1.569747
0.518403,0.822320,1.569747
0.859633,0.807643,0.849412
1.740853,0.640892,0.166998
1.740853,0.640892,0.166998
1.238917,-0.102520,0.833190
1.938209,-0.527288,-0.085454
0.818046,-1.394601,1.077956
0.209657,-1.556904,0.905705
0.298605,-1.316058,1.295042
-0.748929,-1.362361,1.584148
-0.303557,-1.025292,1.843966
-0.303557,-1.025292,1.843966
-1.492978,-0.524609,0.917973
-1.069407,-0.734606,0.262843
-0.899127,-0.509052,-0.483983
-0.594800,-1.015164,0.618063
-0.594800,-1.015164,0.618063
-0.594800,-1.015164,0.618063
-0.594800,-1.015164,0.618063
-0.778324,0.100002,1.232819
-1.363738,0.394010,0.766472
-0.171947,0.590037,1.249138
-0.171947,0.590037,1.249138
0.931059,0.662802,0.786146
0.931059,0.662802,0.786146
1.295379,0.293590,0.485308
1.745672,0.130795,-0.311975
1.745672,0.130795,-0.311975
1.880922,-0.152375,-1.213307
1.779065,0.201673,-0.263230
0.587532,1.076254,-0.859720
0.506900,1.412248,0.025805
-0.585695,0.983878,-0.224372
0.476324,0.219934,0.100135
0.476324,0.219934,0.100135
0.530488,0.272066,-0.738210
-0.482904,0.364621,-1.293712
-0.482904,0.364621,-1.293712
-0.482904,0.364621,-1.293712
-0.110715,0.729199,-1.659978
-0.110715,0.729199,-1.659978
0.555001,0.770195,-2.215991
0.391216,0.422542,-2.233942
0.391216,0.422542,-2.233942
0.391216,0.422542,-2.233942
0.391216,0.422542,-2.233942
0.630540,-0.436049,-3.212024
0.222810,-0.351965,-3.290312
0.827908,-0.949086,-3.125483
0.827908,-0.949086,-3.125483
1.888621,-1.041458,-2.219885
1.888621,-1.041458,-2.219885
1.162769,-2.088818,-2.589608
1.826267,-1.026734,-1.667119
0.871647,-0.013281,-1.637249
0.871647,-0.013281,-1.637249
0.871647,-0.013281,-1.637249
0.772029,-0.438461,-0.602706
0.325256,-1.094081,0.074086
0.624777,-0.349181,1.031644
0.624777,-0.349181,1.031644
-0.080899,-0.246095,1.813882
0.247236,0.926473,1.193351
-0.654811,0.932482,0.628979
-0.654811,0.932482,0.628979
-0.992488,1.059300,0.742595
-0.992488,1.059300,0.742595
-0.484729,0.126740,0.902593
-0.484729,0.126740,0.902593
-0.484729,0.126740,0.902593
-0.831611,0.958642,0.107846
0.076073,0.926000,0.008571
0.110212,1.098050,-1.152304
0.110212,1.098050,-1.152304
0.110212,1.098050,-1.152304
0.110212,1.098050,-1.152304
-0.548317,0.393590,-1.173413
-0.548317,0.393590,-1.173413
-0.548317,0.393590,-1.173413
-1.218060,1.095182,-1.646848
-0.942536,-0.006550,-1.760163
-0.942536,-0.006550,-1.760163
-1.354502,-0.458167,-0.673324
-1.657034,-0.829937,-0.689473
-1.246245,0.070255,-0.886138
-1.246245,0.070255,-0.886138
-0.953044,0.069465,-1.319716
-0.499234,0.930726,-0.286448
-0.183809,0.596411,-1.085491
-0.183809,0.596411,-1.085491
-0.183809,0.596411,-1.085491
-0.183809,0.596411,-1.085491
0.504307,0.567944,-0.782264
0.504307,0.567944,-0.782264
0.106403,0.309920,0.139135
0.106403,0.309920,0.139135
0.106403,0.309920,0.139135
0.106403,0.309920,0.139135
0.106403,0.309920,0.139135
0.106403,0.309920,0.139135
0.106403,0.309920,0.139135
0.106403,0.309920,0.139135
0.106403,0.309920,0.139135
0.311600,0.325148,-0.395933
0.311600,0.325148,-0.395933
-0.299861,-0.152939,-0.394855
-0.299861,-0.152939,-0.394855
-0.299861,-0.152939,-0.394855
-0.299861,-0.152939,-0.394855
-0.299861,-0.152939,-0.394855
-0.299861,-0.152939,-0.394855
0.243035,0.460058,-0.116813
0.243035,0.460058,-0.116813
0.942288,-0.308705,0.810186
0.994251,-1.269744,0.673776
0.994251,-1.269744,0.673776
0.809756,-1.047363,1.048210
0.809756,-1.047363,1.048210
1.563152,-0.459723,1.021751
1.563152,-0.459723,1.021751
2.061037,-1.050509,0.100485
2.061037,-1.050509,0.100485
1.285868,-0.520743,0.672611
0.919030,-1.424325,0.474833
1.327892,-1.622115,0.213439
1.262002,-1.097449,-0.601175
0.309498,-1.247434,-0.536388
0.309498,-1.247434,-0.536388
0.309498,-1.247434,-0.536388
0.173458,-0.691961,0.084104
0.104590,0.496430,-0.532485
0.104590,0.496430,-0.532485
0.201057,0.895041,-0.044713
0.201057,0.895041,-0.044713
0.201057,0.895041,-0.044713
0.801342,0.279373,-0.768233
0.603968,0.735788,-0.916283
0.552729,0.899639,0.103228
0.552729,0.899639,0.103228
0.552729,0.899639,0.103228
0.552729,0.899639,0.103228
0.605121,0.223090,1.188283
0.605121,0.223090,1.188283
0.605121,0.223090,1.188283
0.605121,0.223090,1.188283
0.476149,-0.766549,0.567185
-0.320267,-1.396007,0.164239
-1.159392,-0.314929,0.425214
-1.382622,0.714172,-0.614082
-1.382622,0.714172,-0.614082
-1.382622,0.714172,-0.614082
-1.382622,0.714172,-0.614082
-1.590162,0.126124,-0.250308
-1.590162,0.126124,-0.250308
-1.693027,-0.314288,-0.576197
-1.016032,-0.979490,-1.559238
-0.749551,0.073238,-0.605422
0.009055,-0.245363,0.159956
0.009055,-0.245363,0.159956
0.009055,-0.245363,0.159956
0.009055,-0.245363,0.159956
0.009055,-0.245363,0.159956
0.547713,0.749792,-0.245419
0.547713,0.749792,-0.245419
0.547713,0.749792,-0.245419
0.547713,0.749792,-0.245419
0.547713,0.749792,-0.245419
0.547713,0.749792,-0.245419
-0.317435,0.758908,-0.938145
0.322985,1.151832,-0.408225
0.728197,1.431103,0.430882
0.728197,1.431103,0.430882
0.910328,0.512411,0.982487
0.719450,0.160417,1.469153
0.249353,-0.313899,0.518491
0.249353,-0.313899,0.518491
0.249353,-0.313899,0.518491
-0.263188,0.227291,-0.524435
0.041779,1.351201,-0.254193
0.504944,0.976465,-0.667717
0.504944,0.976465,-0.667717
0.246247,1.040513,-1.845478
0.983728,1.362355,-1.442346
0.182934,0.725834,-2.326523
-0.375960,0.480622,-2.264524
-0.375960,0.480622,-2.264524
0.393009,-0.495108,-2.354416
0.393009,-0.495108,-2.354416
-0.339350,0.440087,-1.305842
0.599209,-0.018891,-1.586176
0.599209,-0.018891,-1.586176
1.578961,0.536234,-1.515080
1.578961,0.536234,-1.515080
0.707481,0.918126,-2.449222
0.707481,0.918126,-2.449222
0.211196,1.267403,-2.428042
-0.418185,2.152637,-1.712081
-1.301099,1.202135,-2.001712
-1.127584,0.221271,-2.463132
-1.127584,0.221271,-2.463132
-1.127584,0.221271,-2.463132
-0.455455,-0.269419,-2.239764
-0.937311,-0.191658,-2.355221
-0.937311,-0.191658,-2.355221
0.167029,-0.617405,-2.912515
0.550850,-0.619949,-2.174343
0.550850,-0.619949,-2.174343
0.550850,-0.619949,-2.174343
1.519751,-1.738453,-2.636443
0.902150,-1.748262,-2.760426
0.212595,-1.208254,-1.723794
0.830919,-1.347088,-1.939203
0.830919,-1.347088,-1.939203
0.830919,-1.347088,-1.939203
-0.123143,-1.875476,-2.594817
-1.309013,-2.673992,-3.242898
-1.309013,-2.673992,-3.242898
-1.823816,-1.500841,-3.386473
-1.287098,-1.484465,-3.415404
-0.313160,-0.789781,-3.345378
-0.106284,-0.908149,-3.131231
-1.242778,-1.145024,-2.911230
-0.323713,-1.258070,-3.443171
-0.483861,-2.449200,-2.857824
0.679715,-1.279803,-3.899464
0.487628,-0.731147,-3.803198
0.487628,-0.731147,-3.803198
-0.363898,-0.987843,-3.757920
-0.554128,-1.166235,-3.612745
-0.842474,-1.440717,-2.989540
-0.842474,-1.440717,-2.989540
0.040125,-2.467547,-2.754908
-0.598312,-1.713208,-2.231219
0.129015,-1.584220,-2.651492
0.129015,-1.584220,-2.651492
1.058687,-1.351044,-2.319454
1.288850,-0.472466,-2.202428
1.091614,-1.160414,-1.590147
1.091614,-1.160414,-1.590147
1.091614,-1.160414,-1.590147
0.292967,0.020241,-0.544811
0.292967,0.020241,-0.544811
0.292967,0.020241,-0.544811
0.292967,0.020241,-0.544811
0.511302,0.501182,-1.104359
1.219486,-0.380421,-1.256172
1.219486,-0.380421,-1.256172
0.508847,0.637283,-0.243459
0.508847,0.637283,-0.243459
0.508847,0.637283,-0.243459
0.793760,1.716114,0.173840
0.793760,1.716114,0.173840
0.793760,1.716114,0.173840
0.381034,0.882373,-0.710519
1.340353,1.524689,-1.079332
0.512740,0.844695,-0.413332
0.512740,0.844695,-0.413332
0.512740,0.844695,-0.413332
0.512740,0.844695,-0.413332
1.588862,0.934376,-0.750287
1.447038,0.292461,-1.281895
0.506614,0.939290,-1.979598
1.224722,1.826653,-1.635672
1.224722,1.826653,-1.635672
1.224722,1.826653,-1.635672
1.224722,1.826653,-1.635672
2.152517,1.509786,-1.091470
1.696152,0.805104,-1.140641
1.696152,0.805104,-1.140641
1.379992,1.008808,-0.756222
1.379992,1.008808,-0.756222
1.379992,1.008808,-0.756222
1.379992,1.008808,-0.756222
0.506193,1.232434,-0.128231
0.506193,1.232434,-0.128231
0.506193,1.232434,-0.128231
0.441868,0.683577,-0.111370
1.371779,-0.196934,0.100388
0.282820,0.626517,-0.924030
0.232399,0.184966,-1.171779
0.138889,-0.833172,-0.747128
0.138889,-0.833172,-0.747128
0.138889,-0.833172,-0.747128
0.138889,-0.833172,-0.747128
0.138889,-0.833172,-0.747128
0.138889,-0.833172,-0.747128
-0.176395,-0.558239,-1.729485
0.228354,-0.319836,-1.611012
0.677323,-1.334102,-0.477603
-0.066400,-1.357992,-0.354080
-0.066400,-1.357992,-0.354080
-0.066400,-1.357992,-0.354080
0.778179,-0.671465,0.229736
0.151606,-1.464731,0.278089
-0.103228,-2.099665,0.198162
-0.862424,-1.043789,-0.157283
-1.878862,0.068777,0.332781
-1.811848,-0.148488,0.108075
-0.971850,-1.006664,-0.356650
-0.971850,-1.006664,-0.356650
-0.971850,-1.006664,-0.356650
-0.839217,-1.107555,-0.376156
-0.379391,-1.051728,0.692410
-1.143028,0.039254,0.240359
-1.143028,0.039254,0.240359
-0.377783,-0.930553,-0.643903
0.727288,-0.879978,0.201509
0.361731,-1.031241,-0.831489
0.361731,-1.031241,-0.831489
0.361731,-1.031241,-0.831489
0.162167,-0.678595,-1.324861
-0.095477,-1.584820,-1.434665
0.169645,-1.519869,-1.004792
0.347912,-1.601464,-1.963010
1.016270,-1.107284,-2.257868
1.016270,-1.107284,-2.257868
1.477818,-1.530389,-1.553247
0.714101,-2.000916,-0.398484
1.137622,-0.927349,0.619784
0.750803,-1.197852,0.260873
-0.132722,-1.994769,0.495276
-0.132722,-1.994769,0.495276
0.647566,-1.489218,0.825043
0.647566,-1.489218,0.825043
0.603375,-2.039008,0.829957
1.167206,-1.763555,1.587576
1.093691,-2.524374,0.668991
0.933435,-2.644091,0.168904
0.699642,-2.568017,0.365840
1.487429,-2.299798,0.607282
1.759977,-1.219064,0.848389
2.102349,-0.521184,1.700412
1.848582,-0.912103,2.324700
1.571977,-0.293975,2.446690
1.931454,-0.918633,1.343971
1.931454,-0.918633,1.343971
1.931454,-0.918633,1.343971
2.007859,-0.550399,0.903005
2.226453,0.190190,-0.158262
1.127659,1.225003,0.106155
1.260540,1.695549,0.513872
1.260540,1.695549,0.513872
1.260540,1.695549,0.513872
0.751926,1.389743,-0.615953
0.751926,1.389743,-0.615953
0.751926,1.389743,-0.615953
0.694382,1.735783,0.295163
-0.172152,1.326798,1.066301
0.792200,1.465844,0.495744
0.792200,1.465844,0.495744
-0.148330,1.730904,-0.520814
-0.148330,1.730904,-0.520814
-0.909406,0.953961,0.673861
-0.909406,0.953961,0.673861
-0.909406,0.953961,0.673861
-0.909406,0.953961,0.673861
-0.527575,1.399143,1.505777
-0.114910,0.893826,1.238945
-0.114910,0.893826,1.238945
-0.046230,1.137392,1.217632
-0.046230,1.137392,1.217632
-0.046230,1.137392,1.217632
0.004881,1.111317,1.123700
0.004881,1.111317,1.123700
-0.408407,1.387004,1.533258
-0.408407,1.387004,1.533258
0.085476,1.922811,0.427268
-0.793493,1.779735,-0.039459
-0.212476,1.436971,-0.560798
0.176042,1.204330,0.443480
0.797865,0.682263,-0.341743
-0.147489,1.247040,0.042166
-0.147489,1.247040,0.042166
-0.147489,1.247040,0.042166
0.721390,0.840897,0.339820
1.329309,0.239021,-0.257613
0.480620,0.940139,-0.311740
1.157865,0.370038,-0.419964
1.328978,0.673872,-0.608089
0.382254,1.138472,-1.068113
1.272892,0.256782,0.032123
1.160056,-0.217539,0.767021
1.160056,-0.217539,0.767021
0.917254,0.426289,-0.360563
0.048191,1.351094,-0.177912
0.048191,1.351094,-0.177912
0.738981,0.943178,-1.073245
0.252876,0.125702,-0.278855
0.252876,0.125702,-0.278855
0.252876,0.125702,-0.278855
0.252876,0.125702,-0.278855
0.252876,0.125702,-0.278855
0.252876,0.125702,-0.278855
0.252876,0.125702,-0.278855
-0.083957,1.323237,-0.188109
0.605002,0.259248,-0.587870
0.605002,0.259248,-0.587870
0.605002,0.259248,-0.587870
0.605002,0.259248,-0.587870
1.374962,-0.916690,0.529459
0.531013,-0.673130,0.377717
0.207024,-1.358769,0.599289
0.482965,-2.172725,-0.379319
-0.417674,-1.058165,0.509763
-0.417674,-1.058165,0.509763
-0.186903,-0.552085,1.040338
-0.252514,-0.158081,-0.132790
-0.252514,-0.158081,-0.132790
-0.226713,-0.570424,-0.584454
-0.040266,-1.231903,-1.094858
-0.824000,-1.865027,-0.323308
-1.888937,-0.771231,-0.612962
-1.888937,-0.771231,-0.612962
-2.406310,-0.462462,-0.093906
-2.154708,-0.142620,-1.165142
-1.344327,0.592066,-1.459891
-1.590589,1.533832,-1.389129
-2.210433,1.341768,-0.592431
-2.827644,1.285503,-0.929932
-1.991135,0.840432,-0.426568
-1.234993,1.309275,0.748035
-1.234993,1.309275,0.748035
-0.753901,0.852821,-0.097088
-0.753901,0.852821,-0.097088
-0.378732,0.611683,0.423579
-0.378732,0.611683,0.423579
-0.235020,0.867490,0.191215
-1.110362,-0.248054,-0.533089
-0.404532,-0.489353,0.274831
-0.404532,-0.489353,0.274831
-0.404532,-0.489353,0.274831
-0.404532,-0.489353,0.274831
-0.404532,-0.489353,0.274831
-0.181022,0.663090,-0.324370
-0.181022,0.663090,-0.324370
0.576637,1.377474,-0.684360
-0.575606,0.867036,-1.280574
0.499061,-0.130057,-0.198391
0.499061,-0.130057,-0.198391
0.272099,0.150182,0.344056
0.272099,0.150182,0.344056
0.272099,0.150182,0.344056
0.272099,0.150182,0.344056
-0.765250,-0.188970,-0.439167
0.328056,0.157126,0.511400
0.328056,0.157126,0.511400
0.328056,0.157126,0.511400
0.328056,0.157126,0.511400
-0.077315,0.721131,0.409078
-0.165425,-0.202854,0.127784
-0.165425,-0.202854,0.127784
0.879989,-1.389283,0.574810
1.418755,-0.622375,1.319571
1.418755,-0.622375,1.319571
1.019311,-0.707401,1.493190
0.479269,-1.609544,0.349073
0.479269,-1.609544,0.349073
-0.505781,-1.432319,-0.426101
-0.505781,-1.432319,-0.426101
-0.761051,-0.334364,-1.243324
-0.761051,-0.334364,-1.243324
0.391131,-0.837563,-0.926090
0.391131,-0.837563,-0.926090
0.391131,-0.837563,-0.926090
0.391131,-0.837563,-0.926090
0.608644,-0.606965,-0.816997
0.909177,0.152912,-0.612349
0.909177,0.152912,-0.612349
0.909177,0.152912,-0.612349
0.909177,0.152912,-0.612349
0.820945,-0.617383,0.329138
-0.040881,0.475981,1.259060
0.217122,0.903922,1.191038
0.217122,0.903922,1.191038
0.349332,0.216802,0.884201
0.349332,0.216802,0.884201
0.349332,0.216802,0.884201
-0.760618,-0.733217,0.697450
-0.994429,-0.567266,1.062895
-1.248777,-1.069661,0.064969
-1.248777,-1.069661,0.064969
-1.248777,-1.069661,0.064969
-0.389438,-0.138645,0.582307
0.286360,-0.553469,0.576826
0.286360,-0.553469,0.576826
-0.478306,-1.697584,0.226398
-0.478306,-1.697584,0.226398
0.676211,-1.362525,-0.534976
1.132907,-1.647377,-0.400121
0.605528,-1.452492,-1.333544
0.605528,-1.452492,-1.333544
0.605528,-1.452492,-1.333544
0.605528,-1.452492,-1.333544
-0.313260,-0.911993,-0.257342
-0.313260,-0.911993,-0.257342
-0.313260,-0.911993,-0.257342
-0.313260,-0.911993,-0.257342
0.190977,-0.832791,0.191880
0.190977,-0.832791,0.191880
0.190977,-0.832791,0.191880
0.190977,-0.832791,0.191880
1.236003,-0.425570,-0.719735
1.236003,-0.425570,-0.719735
1.686873,-0.202536,-0.288488
0.925538,0.809060,-1.403942
0.932206,-0.038027,-2.417757
0.088504,-0.937178,-3.095126
0.715222,-0.737416,-3.730079
0.715222,-0.737416,-3.730079
1.090462,-0.278105,-2.947324
1.090462,-0.278105,-2.947324
1.760772,0.724184,-2.108420
1.977972,-0.469500,-1.963826
1.977972,-0.469500,-1.963826
1.977972,-0.469500,-1.963826
1.977972,-0.469500,-1.963826
2.011248,-0.041888,-2.352822
1.000511,-0.009340,-2.927995
1.392240,-1.028044,-2.049200
1.342722,-0.576170,-2.179747
1.695100,0.471653,-2.137906
0.656216,0.820768,-1.605496
0.036988,1.236898,-1.470105
-0.274741,0.447488,-0.865583
-0.274741,0.447488,-0.865583
-0.274741,0.447488,-0.865583
-0.274741,0.447488,-0.865583
-0.274741,0.447488,-0.865583
-0.274741,0.447488,-0.865583
-0.274741,0.447488,-0.865583
0.833538,-0.536575,-1.120938
0.833538,-0.536575,-1.120938
0.833538,-0.536575,-1.120938
0.833538,-0.536575,-1.120938
1.890768,0.209979,-1.893599
1.374336,-0.961476,-1.962887
0.281991,-0.596404,-2.091477
0.744040,-1.644527,-1.432351
0.744040,-1.644527,-1.432351
0.744040,-1.644527,-1.432351
0.744040,-1.644527,-1.432351
0.744040,-1.644527,-1.432351
-0.060807,-1.576288,-0.843309
-0.117625,-0.769796,-1.913265
-1.001960,-0.741849,-2.218061
-0.958373,-1.827175,-1.302811
-1.045287,-1.714461,-1.614846
-1.045287,-1.714461,-1.614846
-1.636294,-2.181825,-0.734691
-2.048743,-1.152660,-0.330568
-1.326935,-1.010679,0.626565
-0.575962,-0.990957,0.141047
-0.575962,-0.990957,0.141047
0.371701,-0.456487,-0.564941
0.371701,-0.456487,-0.564941
0.165962,-1.653791,-0.570494
-0.388246,-0.746412,0.377097
0.286751,0.243404,-0.464434
1.161096,-0.264996,-0.765911
1.484754,-0.982965,-0.504609
0.327873,0.204009,-1.466672
0.336339,0.027375,-0.561228
1.160920,-0.678929,-0.309354
-0.030172,-0.208349,0.347977
-0.998215,-0.034907,0.440834
-0.028471,-0.902691,0.006148
0.296438,-1.306012,0.026077
0.296438,-1.306012,0.026077
-0.030441,-1.528796,-0.306718
-0.030441,-1.528796,-0.306718
1.012503,-0.440178,-0.110143
1.012503,-0.440178,-0.110143
0.099951,-0.121661,0.487994
0.389280,0.272967,-0.499241
0.389280,0.272967,-0.499241
0.389280,0.272967,-0.499241
0.188951,-0.253598,0.594566
0.188951,-0.253598,0.594566
0.402003,0.048632,0.375248
0.402003,0.048632,0.375248
0.402003,0.048632,0.375248
0.402003,0.048632,0.375248
0.402003,0.048632,0.375248
0.831649,-0.754032,-0.516711
0.819214,0.054601,0.286272
0.819214,0.054601,0.286272
0.360534,-0.746417,-0.085604
0.325432,-1.292469,-0.526972
0.325432,-1.292469,-0.526972
0.325432,-1.292469,-0.526972
0.325432,-1.292469,-0.526972
-0.065211,-2.230627,0.466858
0.763959,-1.469104,-0.497133
0.282095,-0.847449,0.105860
-0.075115,-1.038524,0.360741
-0.677728,-0.594700,-0.500582
-0.100014,-1.625017,0.015489
-0.303908,-2.115489,0.415867
-0.265132,-1.746573,1.316599
-0.265132,-1.746573,1.316599
-0.265132,-1.746573,1.316599
-1.438100,-1.078374,1.003027
-1.501758,-1.757870,-0.031085
-1.501758,-1.757870,-0.031085
-1.501758,-1.757870,-0.031085
-2.209983,-0.673279,0.489599
-2.209983,-0.673279,0.489599
-2.209983,-0.673279,0.489599
-2.003028,-1.203001,0.779749
-2.003028,-1.203001,0.779749
-1.086644,-0.756551,-0.000228
-1.086644,-0.756551,-0.000228
-1.086644,-0.756551,-0.000228
-1.086644,-0.756551,-0.000228
-1.086644,-0.756551,-0.000228
-1.056744,-0.141072,0.547452
-1.563771,-0.282904,-0.604908
-1.163776,-0.682720,-0.803288
-1.163776,-0.682720,-0.803288
-1.314968,-0.513375,0.159408
-1.003942,0.467743,0.278642
-1.003942,0.467743,0.278642
-1.003942,0.467743,0.278642
-0.339112,-0.645820,0.757815
-0.120278,-1.339934,-0.324382
-0.120278,-1.339934,-0.324382
1.068043,-1.333990,-1.255173
1.068043,-1.333990,-1.255173
1.068043,-1.333990,-1.255173
1.484859,-0.494325,-0.070147
1.484859,-0.494325,-0.070147
0.905031,0.120739,-1.168340
0.905031,0.120739,-1.168340
0.905031,0.120739,-1.168340
-0.268486,-0.845657,-1.028527
-0.534661,0.157170,-0.497552
-0.288487,0.793563,0.161697
-0.262518,0.055696,0.272457
-0.292482,-0.414493,-0.020869
0.879913,0.430230,0.462053
1.177513,-0.405066,0.589936
1.177513,-0.405066,0.589936
1.177513,-0.405066,0.589936
1.177513,-0.405066,0.589936
1.071061,-1.111195,0.425530
1.071061,-1.111195,0.425530
1.071061,-1.111195,0.425530
1.071061,-1.111195,0.425530
0.185319,-0.127880,1.484953
0.185319,-0.127880,1.484953
1.211227,-0.138425,0.671104
1.211227,-0.138425,0.671104
0.760737,-0.593862,0.155218
-0.407644,-1.072901,-0.229053
-0.407644,-1.072901,-0.229053
0.437715,-0.843855,0.092566
0.437715,-0.843855,0.092566
0.437715,-0.843855,0.092566
0.130304,-0.386191,1.188806
0.130304,-0.386191,1.188806
-0.363748,-0.580930,0.064505
-0.152276,0.101656,-0.960622
-0.152276,0.101656,-0.960622
-0.152276,0.101656,-0.960622
-0.152276,0.101656,-0.960622
-0.152276,0.101656,-0.960622
-0.152276,0.101656,-0.960622
-0.152276,0.101656,-0.960622
-0.152276,0.101656,-0.960622
-0.313038,0.224111,-1.000289
-0.313038,0.224111,-1.000289
-0.943598,-0.336948,-0.134341
-0.943598,-0.336948,-0.134341
0.116202,-1.143216,0.822067
0.030071,-0.755696,0.812625
0.030071,-0.755696,0.812625
-1.166876,0.127008,0.211542
-1.713334,0.479566,-0.938371
-1.411189,-0.597484,0.217297
-1.411189,-0.597484,0.217297
-0.599276,0.220269,0.552092
0.269309,0.058155,1.294516
0.630780,0.864563,0.215575
-0.077079,0.323146,-0.929520
0.216291,-0.773243,-0.680823
1.332500,0.286400,-1.860048
0.722319,-0.086719,-0.850280
0.722319,-0.086719,-0.850280
0.722319,-0.086719,-0.850280
0.613690,-0.439696,-0.145998
-0.069504,-0.115680,-0.367743
-0.069504,-0.115680,-0.367743
-0.507500,0.598435,-0.630790
0.199979,0.283549,-0.948325
0.199979,0.283549,-0.948325
0.321624,0.346609,-1.093487
-0.779448,-0.212785,-0.516105
0.032014,0.001196,-0.251764
0.032014,0.001196,-0.251764
0.032014,0.001196,-0.251764
0.698622,0.492437,0.501488
0.698622,0.492437,0.501488
0.698622,0.492437,0.501488
0.698622,0.492437,0.501488
0.698622,0.492437,0.501488
0.698622,0.492437,0.501488
0.350775,-0.259719,1.312346
0.439916,-1.170225,0.298183
0.439916,-1.170225,0.298183
-0.442371,-0.379411,-0.845727
-0.442371,-0.379411,-0.845727
-0.657907,-0.753414,-1.158868
-0.657907,-0.753414,-1.158868
-0.657907,-0.753414,-1.158868
-0.108975,-0.794713,-0.344911
-0.108975,-0.794713,-0.344911
-0.108975,-0.794713,-0.344911
-0.108975,-0.794713,-0.344911
-0.108975,-0.794713,-0.344911
0.584354,-1.069367,-0.769660
1.240725,-0.615370,-1.731459
1.007632,0.499552,-2.743962
1.007632,0.499552,-2.743962
-0.112443,-0.455810,-2.514198
-0.315758,-1.032933,-2.307511
-0.796955,-0.201827,-2.755542
-0.796955,-0.201827,-2.755542
-0.490870,-1.132876,-2.386677
0.492617,-2.059908,-2.314315
-0.667803,-2.373265,-2.145890
-0.755329,-1.550104,-2.687332
-1.528076,-1.632345,-2.222734
-1.528076,-1.632345,-2.222734
-0.843367,-1.490312,-2.328033
-0.133084,-1.660497,-2.279397
0.352010,-2.224057,-1.602075
0.306914,-1.378458,-1.871703
0.168984,-1.822185,-1.067951
-0.730229,-1.886251,0.103639
-1.442864,-1.468358,-0.287431
-0.480848,-1.566623,-0.739189
-0.480848,-1.566623,-0.739189
0.374620,-1.479293,0.372457
0.782914,-0.300558,0.463482
0.670483,0.511282,0.200744
0.670483,0.511282,0.200744
0.081707,0.891147,-0.421874
-0.733347,0.342553,-0.502023
-0.733347,0.342553,-0.502023
-0.776040,0.007879,0.143519
-0.776040,0.007879,0.143519
-0.219721,0.623183,0.852229
-0.278261,0.287903,0.992481
0.443374,-0.224450,-0.127391
0.443374,-0.224450,-0.127391
0.443374,-0.224450,-0.127391
0.443374,-0.224450,-0.127391
0.443374,-0.224450,-0.127391
0.443374,-0.224450,-0.127391
0.443374,-0.224450,-0.127391
0.443374,-0.224450,-0.127391
0.443374,-0.224450,-0.127391
0.443374,-0.224450,-0.127391
0.319980,0.366016,-0.113584
0.319980,0.366016,-0.113584
0.319980,0.366016,-0.113584
